브랜드,중분류,소분류,상품명,정가,할인가
Inglot,색조 메이크업 립,색조 메이크업 립스틱,립스틱,28000, 
Inglot,색조 메이크업 립,색조 메이크업 립스틱,립스틱 매트,30000, 
Inglot,색조 메이크업 립,색조 메이크업 립스틱,립새틴 립스틱,30000, 
Inglot,색조 메이크업 립,색조 메이크업 립스틱,립새틴 미니,12000, 
Inglot,색조 메이크업 립,색조 메이크업 립스틱,AMC 립 펜슬 매트,26000, 
Inglot,색조 메이크업 립,색조 메이크업 립틴트,HD 립틴트 매트,35000, 
Inglot,색조 메이크업 아이,색조 메이크업 아이라이너,원 무브 리퀴드 아이라이너,18000, 
Inglot,색조 메이크업 아이,색조 메이크업 아이라이너,AMC 아이라이너 젤,29000, 
Inglot,색조 메이크업 아이,색조 메이크업 아이섀도우,AMC 퓨어 피그먼트 아이 섀도,28000, 
Inglot,색조 메이크업 아이,색조 메이크업 마스카라,마스카라,18000, 
Inglot,색조 메이크업 아이,색조 메이크업 아이섀도우,듀럴라인,24000, 
Inglot,색조 메이크업 아이,색조 메이크업 아이섀도우,아이 섀도 키퍼,36000, 
Inglot,베이스 메이크업 제품,베이스 메이크업용 가루파우더,퍼펙트 피니쉬 루스 파우더,38000, 
Inglot,베이스 메이크업 제품,베이스 메이크업용 컨실러,올 커버드 컨실러,25000, 
Inglot,색조 메이크업 기타,색조 메이크업 볼터치,AMC 페이스 리퀴드 블러쉬,34000, 
Inglot,색조 메이크업 기타,색조 메이크업 쉐딩/하이라이터,인텐스 스파클러 FEB 하이라이터,32000, 
Inglot,색조 메이크업 기타,색조 메이크업 쉐딩/하이라이터,미디엄 스파클러 FEB 하이라이터,38000, 
Inglot,색조 메이크업 기타,색조 메이크업 쉐딩/하이라이터,소프트 스파클러 FEB 하이라이터,42000, 
Inglot,색조 메이크업 기타,색조 메이크업 쉐딩/하이라이터,AMC 페이스 & 바디 일루미네이터,34000, 
Inglot,베이스 메이크업 제품,베이스 메이크업용 컨실러,AMC 크림 컨실러,18000, 
Inglot,베이스 메이크업 제품,베이스 메이크업용 메이크업베이스,언더 메이크업 베이스,35000, 
Inglot,베이스 메이크업 제품,베이스 메이크업용 메이크업베이스,매티파잉 언더 메이크업 베이스,40000, 
Inglot,색조 메이크업 아이,색조 메이크업 아이섀도우,프리덤 시스템 크리미 피그먼트 아이 섀도,24000, 
Inglot,색조 메이크업 아이,색조 메이크업 아이섀도우,프리덤 시스템 레인보우 아이 섀도,24000, 
Inglot,색조 메이크업 아이,색조 메이크업 아이섀도우,프리덤 시스템 아이 섀도 더블 스파클,22000, 
Inglot,색조 메이크업 아이,색조 메이크업 아이섀도우,프리덤 시스템 아이 섀도 매트,22000, 
Inglot,색조 메이크업 아이,색조 메이크업 아이섀도우,프리덤 시스템 AMC 아이 섀도 샤인,22000, 
Inglot,색조 메이크업 아이,색조 메이크업 아이섀도우,프리덤 시스템 아이 섀도 펄,22000, 
Inglot,색조 메이크업 기타,색조 메이크업 볼터치,프리덤 시스템 페이스 블러쉬,14000, 
Inglot,색조 메이크업 기타,색조 메이크업 볼터치,프리덤 시스템 AMC 페이스 블러쉬,14000, 
Inglot,색조 메이크업 기타,색조 메이크업 볼터치,잉글롯 프리덤 시스템 퓨전 블러쉬 & 일루미네이터,18000, 
Inglot,베이스 메이크업 제품,베이스 메이크업용 가루파우더,프리덤 시스템 HD 스컬프팅 파우더,30000, 
Inglot,색조 메이크업 기타,색조 메이크업 쉐딩/하이라이터,프리덤 시스템 HD 하이라이터,20000, 
Inglot,색조 메이크업 기타,색조 메이크업 쉐딩/하이라이터,프리덤 시스템 HD 하이라이터 트리오,30000, 
Inglot,색조 메이크업 아이,색조 메이크업 아이섀도우,프리덤 시스템 팔레트 아이 섀도,8000, 
Inglot,색조 메이크업 기타,색조 메이크업 볼터치,프리덤 시스템 팔레트 블러쉬,9000, 
Inglot,색조 메이크업 아이,색조 메이크업 아이섀도우,프리덤 시스템 팔레트 EB,19000, 
Inglot,뷰티 도구,뷰티 손거울,프리덤 시스템 팔레트 아이 섀도 미러,7000, 
Inglot,뷰티 도구,뷰티 손거울,프리덤 시스템 팔레트 블러쉬 미러,20000, 
Inglot,색조 메이크업 아이,색조 메이크업 아이섀도우,프리덤 시스템 플렉시 에코 팔레트,30000, 
Inglot,색조 메이크업 아이,색조 메이크업 아이섀도우,잉글롯X스와로브스키 프리덤 시스템 팔레트 아이섀도,38000, 
Inglot,색조 메이크업 기타,색조 메이크업 볼터치,잉글롯X스와로브스키 프리덤 시스템 팔레트 블러쉬,20000, 
Inglot,네일 제품,네일컬러,O2M 브리더블 네일 에나멜,20000, 
Inglot,네일 제품,네일컬러,내추럴 오리진 네일 폴리쉬,25000, 
Inglot,메이크업 도구,메이크업 브러쉬,브러쉬 클렌징 리퀴드,15000, 
Inglot,메이크업 도구,메이크업 브러쉬,메이크업 브러쉬 42T,32000, 
Inglot,메이크업 도구,메이크업 브러쉬,메이크업 브러쉬 30T,24000, 
Inglot,메이크업 도구,메이크업 브러쉬,메이크업 브러쉬 6SS,35000, 
Inglot,메이크업 도구,메이크업 브러쉬,메이크업 브러쉬 7FS,36000, 
Inglot,메이크업 도구,메이크업 브러쉬,메이크업 브러쉬 13P/S,24000, 
Inglot,메이크업 도구,메이크업 브러쉬,메이크업 브러쉬 80HP,30000, 
Inglot,메이크업 도구,메이크업 브러쉬,메이크업 브러쉬 1SS,65000, 
Inglot,메이크업 도구,메이크업 브러쉬,메이크업 브러쉬 3P,45000, 
Inglot,메이크업 도구,메이크업 브러쉬,메이크업 브러쉬 4SS,40000, 
Inglot,메이크업 도구,메이크업 브러쉬,메이크업 브러쉬 11S,30000, 
Inglot,메이크업 도구,메이크업 브러쉬,메이크업 브러쉬 12S,34000, 
Inglot,메이크업 도구,메이크업 브러쉬,메이크업 브러쉬 13P,24000, 
Inglot,메이크업 도구,메이크업 브러쉬,메이크업 브러쉬 15BJF/S,50000, 
Inglot,메이크업 도구,메이크업 브러쉬,메이크업 브러쉬 16PP,28000, 
Inglot,메이크업 도구,메이크업 브러쉬,메이크업 브러쉬 17TL,24000, 
아렌시아,클렌징 용품,화장 비누,스페셜 박스,60000,60000
아렌시아,클렌징 용품,화장 비누,프렌치에그&피지에그 Set,40000,24000
아렌시아,클렌징 용품,화장 비누,크렘 바,28000,28000
아렌시아,헤어 케어,샴푸,가든 유토피아 샴푸바,24000,16000
아렌시아,헤어 케어,샴푸,아렌시아 오 상끄 박스,65000, 
아렌시아,클렌징 용품,화장 비누,아렌시아 기프트 박스,50000,50000
아렌시아,클렌징 용품,화장 비누,프렌치에그,20000,13000
아렌시아,클렌징 용품,화장 비누,프렌치에그 (2),40000,25000
아렌시아,클렌징 용품,화장 비누,피지에그,20000,13000
아렌시아,클렌징 용품,화장 비누,피지에그 (2),40000,25000
아렌시아,클렌징 용품,화장 비누,벨루어 바,18000,18000
아렌시아,헤어 케어,린스,샴푸바 린스바 세트,31000,25000
아렌시아,헤어 케어,린스,더 새틴 린스바,18000,18000
아렌시아,헤어 케어,린스,그리너리 린스바,18000, 
아렌시아,헤어 케어,샴푸,고 그린 헤어 샴푸바,20000,13000
아렌시아,헤어 케어,샴푸,솔티 소다 샴푸바,20000,13000
아렌시아,헤어 케어,샴푸,와일드 피그 샴푸바,20000,13000
아렌시아,헤어 케어,샴푸,나이트 섀도우 샴푸바,20000,13000
아렌시아,헤어 케어,샴푸,보라보라 드림 샴푸바,20000,13000
아렌시아,헤어 케어,샴푸,써니 베이비 샴푸바,20000,13000
아바마트,메이크업 도구,메이크업 브러쉬,[RA007] 비건 순샥 아이라이너 브러쉬 2pi,15000,9000
아바마트,메이크업 도구,메이크업 브러쉬,레드에디션 7종 브러쉬 세트,159000,85000
아바마트,메이크업 도구,메이크업 브러쉬,[RA005] 비건 포인트 아이섀도우 브러쉬 6pi,18000,11000
아바마트,메이크업 도구,메이크업 브러쉬,[RA004] 비건 아이섀도우 브러쉬 7pi,20000,12000
아바마트,메이크업 도구,메이크업 브러쉬,[RA006] 비건 립 & 커버 브러쉬 5pi,16000,10000
아바마트,메이크업 도구,메이크업 브러쉬,[RA003] 비건 치크 브러쉬 15pi,30000,18000
아바마트,메이크업 도구,메이크업 브러쉬,[RA001] 비건 파우더 브러쉬 20pi,33000,20000
아바마트,메이크업 도구,메이크업 브러쉬,[RA002] 비건 섀딩 브러쉬 20pi,33000,20000
아바마트,메이크업 도구,메이크업 브러쉬,비건 베이직 아이브러쉬 3종 세트,40000,29000
아바마트,메이크업 도구,메이크업 브러쉬,프로 듀오 세트,54000,42000
아바마트,메이크업 도구,메이크업 브러쉬,비건 뽀송베이스 브러쉬 세트,33000,33000
아바마트,메이크업 도구,메이크업 브러쉬,레드 아이브러쉬 3종 세트,40000,31000
캐트리스,색조 메이크업 아이,색조 메이크업 아이섀도우,블러쉬 박스,6200,8000
캐트리스,베이스 메이크업 제품,베이스 메이크업용 파운데이션,트루 스킨 하이드레이팅 파운데이션,14400,18000
캐트리스,색조 메이크업 기타,색조 메이크업 쉐딩/하이라이터,모어 댄 글로우 하이라이터 5.9g,9600,12000
캐트리스,베이스 메이크업 제품,베이스 메이크업용 컨실러,인스턴트 어웨이크 컨실러,10800,12000
캐트리스,색조 메이크업 아이,색조 메이크업 아이섀도우,HD리퀴드커버리지파운데이션 + 프로슬림아이섀도팔레트 SET,25050,33400
캐트리스,색조 메이크업 아이,색조 메이크업 아이섀도우,HD 리퀴드 커버리지 파운데이션+더컬렉션아이섀도팔레트 SET,19125,25500
캐트리스,베이스 메이크업 제품,베이스 메이크업용 파운데이션,HD 리퀴드 커버리지 파운데이션 듀오,20900,27000
캐트리스,색조 메이크업 아이,색조 메이크업 아이섀도우,블러쉬 박스 글로잉 & 멀티컬러 듀오,13900,18000
캐트리스,색조 메이크업 아이,색조 메이크업 아이섀도우,블러쉬 박스 1+1,11000,16000
캐트리스,베이스 메이크업 제품,베이스 메이크업용 컨실러,캐머플라지 크림,5850,6500
캐트리스,베이스 메이크업 제품,베이스 메이크업용 컨실러,리퀴드 캐머플라지 하이 커버리지 컨실러 5ml,5500,8500
캐트리스,베이스 메이크업 제품,베이스 메이크업용 파운데이션,HD 리퀴드 커버리지 파운데이션,10500,13500
캐트리스,베이스 메이크업 제품,베이스 메이크업용 가루파우더,하이 글로우 미네랄 하이라이팅 파우더,7200,11000
캐트리스,베이스 메이크업 제품,베이스 메이크업용 파운데이션,캐트리스 트루 스킨 하이드레이팅 파운데이션,18000, 
캐트리스,베이스 메이크업 제품,베이스 메이크업용 파운데이션,트루 스킨 하이드레이팅 파운데이션,14900,18000
캐트리스,색조 메이크업 아이,색조 메이크업 아이섀도우,HD리퀴드커버리지파운데이션 + 프로슬림아이섀도팔레트 SET,22800,33400
캐트리스,베이스 메이크업 제품,베이스 메이크업용 컨실러,인스턴트 어웨이크 컨실러,8700,12000
캐트리스,색조 메이크업 아이,색조 메이크업 아이섀도우,HD 리퀴드 커버리지 파운데이션+더컬렉션아이섀도팔레트 SET,15900,25500
캐트리스,색조 메이크업 아이,색조 메이크업 아이섀도우,블러쉬 박스 글로잉 & 멀티컬러 듀오,12800,18000
캐트리스,베이스 메이크업 제품,베이스 메이크업용 파운데이션,HD 리퀴드 커버리지 파운데이션 듀오,18900,27000
캐트리스,베이스 메이크업 제품,베이스 메이크업용 컨실러,올라운드 컨실러 1+1,7800,16000
캐트리스,베이스 메이크업 제품,베이스 메이크업용 가루파우더,하이 글로우 미네랄 하이라이팅 파우더,8900,11000
캐트리스,베이스 메이크업 제품,베이스 메이크업용 파운데이션,완벽베이스커버SET,21900,29500
캐트리스,베이스 메이크업 제품,베이스 메이크업용 컨실러,리퀴드 캐머플라지 하이 커버리지 컨실러 5ml,5200,8500
캐트리스,색조 메이크업 기타,색조 메이크업 쉐딩/하이라이터,글로우도스코프 하이라이터 팔레트,4900,8000
캐트리스,뷰티 도구,픽싱 스프레이,프라임 앤 파인 픽싱 스프레이 50ml,7200,10000
캐트리스,베이스 메이크업 제품,베이스 메이크업용 컨실러,HD 리퀴드 커버리지 프리시전 컨실러 2.5ml,8000, 
캐트리스,베이스 메이크업 제품,베이스 메이크업용 프라이머,라이트 코렉팅 세럼 프라이머,4500,9000
캐트리스,베이스 메이크업 제품,베이스 메이크업용 프라이머,프라임 앤 파인 포어리스 블러 프라이머,9900,11000
캐트리스,기초 화장품,기초 화장용 오일/앰플,프라임 앤 파인 포어 리파이닝 안티-샤인 베이스,9000,10000
캐트리스,베이스 메이크업 제품,베이스 메이크업용 파운데이션,24h 메이드 투 스테이 메이크업,7900,13500
캐트리스,베이스 메이크업 제품,베이스 메이크업용 파운데이션,올 매트 플러스 샤인 컨트롤 메이크업,10100,13500
캐트리스,베이스 메이크업 제품,베이스 메이크업용 가루파우더,올 매트 플러스 샤인 컨트롤 파우더,4500,8000
캐트리스,색조 메이크업 아이,색조 메이크업 아이섀도우,블러쉬 박스,6400,8000
캐트리스,베이스 메이크업 제품,베이스 메이크업용 컨실러,올라운드 컨실러,4500,8000
캐트리스,베이스 메이크업 제품,베이스 메이크업용 컨실러,캐머플라지 크림,4900,6500
캐트리스,베이스 메이크업 제품,베이스 메이크업용 컨실러,HD 리퀴드 커버리지 프리시전 컨실러 1+1,16000, 
캐트리스,색조 메이크업 아이,색조 메이크업 아이섀도우,프로 슬림 아이섀도 팔레트,19900, 
캐트리스,색조 메이크업 아이,색조 메이크업 아이섀도우,프로 슬림 아이섀도 팔레트 2 SET,27800,39800
캐트리스,색조 메이크업 아이,색조 메이크업 마스카라,글램 & 돌 마스카라,8500, 
캐트리스,색조 메이크업 아이,색조 메이크업 아이섀도우,더 컬렉션 아이섀도 팔레트 듀오,19200,24000
캐트리스,색조 메이크업 아이,색조 메이크업 아이라이너,18h 컬러 ＆ 컨투어 아이 펜슬,4500, 
캐트리스,색조 메이크업 아이,색조 메이크업 아이브로우,슬림매틱 울트라 프리사이즈 브로우 펜슬 워터프루프,4800,6000
캐트리스,색조 메이크업 아이,색조 메이크업 아이브로우,브로우 컬러리스트 세미-펄머넌트 브로우 마스카라,6400,8000
캐트리스,색조 메이크업 아이,색조 메이크업 아이섀도우,아이섀도우 스틱,5000,10000
캐트리스,색조 메이크업 아이,색조 메이크업 아이섀도우,프로 슬림 아이섀도 팔레트 2 SET,26800,39800
캐트리스,색조 메이크업 아이,색조 메이크업 아이섀도우,프로 슬림 아이섀도 팔레트,14900,19900
캐트리스,색조 메이크업 아이,색조 메이크업 아이섀도우,더 컬렉션 아이섀도 팔레트 듀오,15200,24000
캐트리스,색조 메이크업 아이,색조 메이크업 마스카라,글램 & 돌 마스카라,5900,8500
캐트리스,색조 메이크업 아이,색조 메이크업 아이섀도우,인스턴트 글램 아이섀도 팔레트,6900,13000
캐트리스,색조 메이크업 아이,색조 메이크업 아이브로우,슬림매틱 울트라 프리사이즈 브로우 펜슬 워터프루프,3900,6000
캐트리스,색조 메이크업 아이,색조 메이크업 마스카라,더 리틀 블랙 원 볼륨 마스카라,9500, 
캐트리스,색조 메이크업 기타,색조 메이크업 세트,아이브로우 세트,6500,9000
캐트리스,색조 메이크업 아이,색조 메이크업 아이브로우,아이브로우 스타일리스트,4600,6000
캐트리스,색조 메이크업 아이,색조 메이크업 아이라이너,18h 컬러 ＆ 컨투어 아이 펜슬,3600,4500
캐트리스,색조 메이크업 아이,색조 메이크업 아이브로우,브로우 컬러리스트 세미-펄머넌트 브로우 마스카라,5900,8000
캐트리스,색조 메이크업 기타,색조 메이크업 세트,베스트 색조 3종 세트,22500, 
캐트리스,색조 메이크업 아이,색조 메이크업 아이라이너,잇츠 이지 아이라이너,4500,5000
캐트리스,색조 메이크업 아이,색조 메이크업 아이섀도우,더 컬렉션 아이섀도 팔레트,8100,12000
캐트리스,색조 메이크업 아이,색조 메이크업 아이섀도우,슈퍼비아 아이섀도 팔레트,5900,15000
캐트리스,색조 메이크업 립,색조 메이크업 립밤,쉬어 뷰티파잉 립 밤,7200,8000
캐트리스,색조 메이크업 기타,색조 메이크업 세트,데미 매트 립스틱 2set,13900,18000
캐트리스,색조 메이크업 립,색조 메이크업 립스틱,파워플럼핑 젤 립스틱 1+1,18000, 
캐트리스,색조 메이크업 립,색조 메이크업 립밤,제너레이션 플럼프 & 샤인 립 글로스 1+1,18000, 
캐트리스,색조 메이크업 립,색조 메이크업 립스틱,데미 매트 립스틱,7900,9000
캐트리스,색조 메이크업 립,색조 메이크업 립스틱,얼티미트 매트 립스틱,8000, 
캐트리스,색조 메이크업 립,색조 메이크업 립밤,제너레이션 플럼프 & 샤인 립 글로스,8100,9000
캐트리스,색조 메이크업 기타,색조 메이크업 세트,얼티미트 매트 립스틱 2 SET,16000, 
캐트리스,색조 메이크업 립,색조 메이크업 립밤,쉬어 뷰티파잉 립 밤,6900,8000
캐트리스,색조 메이크업 립,색조 메이크업 립스틱,캐트리스 크리에이트리스 립 팔레트 1+1,28000, 
캐트리스,색조 메이크업 립,색조 메이크업 립밤,립 글로우 밤,10000, 
캐트리스,색조 메이크업 립,색조 메이크업 립밤,볼류마이징 립 밤,9000, 
캐트리스,색조 메이크업 립,색조 메이크업 립스틱,데미 매트 립스틱,7400,9000
캐트리스,색조 메이크업 립,립메이크업,베스트 색조 3종 세트,22500, 
캐트리스,색조 메이크업 립,색조 메이크업 립스틱,캐트리스 크리에이트리스 립 팔레트,14000, 
캐트리스,색조 메이크업 립,색조 메이크업 립밤,제너레이션 플럼프 & 샤인 립 글로스,6300,9000
캐트리스,색조 메이크업 기타,색조 메이크업 세트,파워플럼핑 젤 립스틱 2 SET,13900,18000
캐트리스,색조 메이크업 립,색조 메이크업 립스틱,파워플럼핑 젤 립스틱,4500,9000
오셸로,네일 제품,네일컬러,[미크릿] 손톱강화제 미크릿 매니큐어 냄새 안나는 비건 네일,12000,9900
오셸로,네일 제품,네일컬러,[미크릿] 5set 미크릿 매니큐어 냄새 안나는 비건 봄 네일,50000,30000
오셸로,네일 제품,네일컬러,[미크릿] 시크블랙 미크릿 매니큐어 냄새 안나는 비건 네일,12000,9900
오셸로,네일 제품,네일컬러,[미크릿] 알렉산더라임 미크릿 매니큐어 냄새 안나는 비건 네일,12000,9900
오셸로,네일 제품,네일컬러,[미크릿] 테스로즈블루 미크릿 매니큐어 냄새 안나는 비건 네일,12000,9900
오셸로,네일 제품,네일컬러,[미크릿] 순수그린 미크릿 매니큐어 냄새 안나는 비건 네일,12000,9900
오셸로,네일 제품,네일컬러,[미크릿] 후로레그린 미크릿 매니큐어 냄새 안나는 비건 네일,12000,9900
오셸로,네일 제품,네일컬러,[미크릿] 드라이로즈 미크릿 매니큐어 냄새 안나는 비건 네일,12000,9900
오셸로,네일 제품,네일컬러,[미크릿] 덴드로비움브라운 미크릿 매니큐어 냄새 안나는 비건,12000,9900
오셸로,네일 제품,네일컬러,[미크릿] 히아신스핑크 미크릿 매니큐어 냄새 안나는 비건 네일,12000,9900
오셸로,네일 제품,네일컬러,[미크릿] 시네라리아그레이 미크릿 매니큐어 냄새 안나는 비건,12000,9900
오셸로,네일 제품,네일컬러,[미크릿] 알리움퍼플 미크릿 매니큐어 냄새 안나는 비건 네일,12000,9900
오셸로,네일 제품,네일컬러,[미크릿] 스타티스퍼플 미크릿 매니큐어 냄새 안나는 비건 네일,12000,9900
오셸로,네일 제품,네일컬러,[미크릿] 세인트폴리아퍼플 미크릿 매니큐어 냄새 안나는 비건,12000,9900
오셸로,네일 제품,네일컬러,[미크릿] 라벤다퍼플 미크릿 매니큐어 냄새 안나는 비건 네일,12000,9900
오셸로,네일 제품,네일컬러,[미크릿] 리시안서스핑크 미크릿 매니큐어 냄새 안나는 비건 네,12000,9900
오셸로,네일 제품,네일컬러,[미크릿] 블루스타스카이 미크릿 매니큐어 냄새 안나는 비건 네,12000,9900
오셸로,네일 제품,네일컬러,[미크릿] 아카민트 미크릿 매니큐어 냄새 안나는 비건 네일,12000,9900
오셸로,네일 제품,네일컬러,[미크릿] 코리달리스블루 미크릿 매니큐어 냄새 안나는 비건 네,12000,9900
오셸로,네일 제품,네일컬러,[미크릿] 테스로즈레드 미크릿 매니큐어 냄새 안나는 비건 네일,12000,9900
오셸로,네일 제품,네일컬러,[미크릿] 심비디움핑크 미크릿 매니큐어 냄새 안나는 비건 네일,12000,9900
오셸로,네일 제품,네일컬러,[미크릿] 데이지레드 미크릿 매니큐어 냄새 안나는 비건 네일,12000,9900
오셸로,네일 제품,네일컬러,[미크릿] 튜베로사오렌지 미크릿 매니큐어 냄새 안나는 비건 네,12000,9900
오셸로,네일 제품,네일컬러,[미크릿] 칼랑코에핑크 미크릿 매니큐어 냄새 안나는 비건 네일,12000,9900
오셸로,네일 제품,네일컬러,[미크릿] 피치블라썸핑크 미크릿 매니큐어 냄새 안나는 비건 네,12000,9900
오셸로,네일 제품,네일컬러,[미크릿] 스톡핑크 미크릿 매니큐어 냄새 안나는 비건 네일,12000,9900
오셸로,네일 제품,네일컬러,[미크릿] 매직릴리핑크 미크릿 매니큐어 냄새 안나는 비건 네일,12000,9900
오셸로,네일 제품,네일컬러,[미크릿] 매트탑코트 미크릿 매니큐어 냄새 안나는 비건 네일,12000,9900
오셸로,네일 제품,네일컬러,[미크릿] 베이스코트 미크릿 매니큐어 냄새 안나는 비건 네일,12000,9900
오셸로,네일 제품,네일컬러,[미크릿] 탑코트 미크릿 매니큐어 냄새 안나는 비건 네일,12000,9900
오셸로,네일 제품,네일컬러,[미크릿] 샴페인글라스 미크릿 매니큐어 냄새 안나는 비건 네일,12000,9900
오셸로,네일 제품,네일컬러,[미크릿] 펄블랙 미크릿 매니큐어 냄새 안나는 비건 네일,12000,9900
오셸로,네일 제품,네일컬러,[미크릿] 레드일루미네이션 미크릿 매니큐어 냄새 안나는 비건,12000,9900
오셸로,네일 제품,네일컬러,[미크릿] 글램화이트 미크릿 매니큐어 냄새 안나는 비건 네일,12000,9900
오셸로,네일 제품,네일컬러,[미크릿] 글램실버 미크릿 매니큐어 냄새 안나는 비건 네일,12000,9900
오셸로,네일 제품,네일컬러,[미크릿] 펄마젠타 미크릿 매니큐어 냄새 안나는 비건 네일,12000,9900
오셸로,네일 제품,네일컬러,[미크릿] 글램골드 미크릿 매니큐어 냄새 안나는 비건 네일,12000,9900
오셸로,네일 제품,네일컬러,[미크릿] 네온블루 미크릿 매니큐어 냄새 안나는 비건 네일,12000,9900
오셸로,네일 제품,네일컬러,[미크릿] 네온퍼플 미크릿 매니큐어 냄새 안나는 비건 네일,12000,9900
오셸로,네일 제품,네일컬러,[미크릿] 네온오렌지 미크릿 매니큐어 냄새 안나는 비건 네일,12000,9900
오셸로,네일 제품,네일컬러,[미크릿] 네온그린 미크릿 매니큐어 냄새 안나는 비건 네일,12000,9900
오셸로,네일 제품,네일컬러,[미크릿] 네온핑크 미크릿 매니큐어 냄새 안나는 비건 네일,12000,9900
오셸로,네일 제품,네일컬러,[미크릿] 네온옐로우 미크릿 매니큐어 냄새 안나는 비건 네일,12000,9900
오셸로,네일 제품,네일컬러,[미크릿] 세이지네이비 미크릿 매니큐어 냄새 안나는 비건 네일,12000,9900
오셸로,네일 제품,네일컬러,[미크릿] 순수퍼플 미크릿 매니큐어 냄새 안나는 비건 네일,12000,9900
오셸로,네일 제품,네일컬러,[미크릿] 순수블루 미크릿 매니큐어 냄새 안나는 비건 네일,12000,9900
오셸로,네일 제품,네일컬러,[미크릿] 푸루메리아베이지 미크릿 매니큐어 냄새 안나는 비건,12000,9900
오셸로,네일 제품,네일컬러,[미크릿] 포시디아옐로우 미크릿 매니큐어 냄새 안나는 비건 네,12000,9900
오셸로,네일 제품,네일컬러,[미크릿] 히어리옐로우 미크릿 매니큐어 냄새 안나는 비건 네일,12000,9900
오셸로,네일 제품,네일컬러,[미크릿] 폼폰화이트 미크릿 매니큐어 냄새 안나는 비건 네일,12000,9900
오셸로,색조 메이크업 립,색조 메이크업 립틴트,[미크릿] 미크릿 각질케어/매트 비건틴트 라프라서트 4.5g,15000,12000
오셸로,색조 메이크업 립,색조 메이크업 립틴트,[미크릿] 미크릿 각질케어/매트 비건틴트 루피너스 4.5g,15000,12000
오셸로,색조 메이크업 립,색조 메이크업 립틴트,[미크릿] 미크릿 각질케어/매트 비건틴트 제라늄 4.5g,15000,12000
오셸로,색조 메이크업 립,색조 메이크업 립틴트,[미크릿] 미크릿 각질케어/매트 비건틴트 에프리콧 4.5g,15000,12000
오셸로,색조 메이크업 립,색조 메이크업 립틴트,[미크릿] 미크릿 각질케어/매트 비건틴트 스트로베리필즈 4.5g,15000,12000
오셸로,색조 메이크업 립,색조 메이크업 립틴트,[미크릿] 각질케어/매트 비건틴트 칼리브라코아,15000,12000
오셸로,색조 메이크업 립,색조 메이크업 립틴트,[미크릿] 각질케어/매트 비건틴트 스트리마타,15000,12000
오셸로,색조 메이크업 립,색조 메이크업 립틴트,[미크릿] 미크릿 각질케어/매트 비건틴트 디아스시아 4.5g,15000,12000
오셸로,색조 메이크업 립,색조 메이크업 립틴트,[미크릿] 미크릿 각질케어/매트 비건틴트 크렌베리 4.5g,15000,12000
오셸로,색조 메이크업 립,색조 메이크업 립틴트,[미크릿] 미크릿 각질케어/매트 비건틴트 아젤레아 4.5g,15000,12000
오셸로,색조 메이크업 립,색조 메이크업 립틴트,[미크릿] 미크릿 각질케어/매트 비건틴트 아르메리아 4.5g,15000,12000
오셸로,색조 메이크업 립,색조 메이크업 립틴트,[미크릿] 미크릿 각질케어/매트 비건틴트 아스트란티아 4.5g,15000,12000
오셸로,색조 메이크업 립,색조 메이크업 립틴트,[미크릿] 미크릿 각질케어/매트 비건틴트 살리카리아 4.5g,15000,12000
오셸로,색조 메이크업 립,색조 메이크업 립틴트,[미크릿] 미크릿 각질케어/매트 비건틴트 페튜니아 4.5g,15000,12000
오셸로,색조 메이크업 립,색조 메이크업 립틴트,[미크릿] 미크릿 각질케어/매트 비건틴트 디기탈리스 4.5g,15000,12000
오셸로,색조 메이크업 립,색조 메이크업 립틴트,[미크릿] 미크릿 각질케어/매트 비건틴트 램스이어 4.5g,15000,12000
오셸로,색조 메이크업 립,색조 메이크업 립틴트,[미크릿] 미크릿 각질케어/매트 비건틴트 란타나 4.5g,15000,12000
오셸로,색조 메이크업 립,색조 메이크업 립틴트,[미크릿] 각질케어 매트 비건틴트  (20color),15000,12000
오셸로,색조 메이크업 립,색조 메이크업 립틴트,[미크릿] 미크릿 각질케어/매트 비건틴트 쿠페아 4.5g,12000, 
오셸로,색조 메이크업 립,색조 메이크업 립틴트,[미크릿] 미크릿 각질케어/매트 비건틴트 차이브 4.5g,15000, 
오셸로,색조 메이크업 립,색조 메이크업 립틴트,[미크릿] 미크릿 각질케어/매트 비건틴트 루멕스 4.5g,15000, 
오셸로,색조 메이크업 아이,색조 메이크업 아이라이너,[미크릿] (비건화장품) 안번지는 미온수클렌징 아이라이너 1+1,24000,15500
오셸로,색조 메이크업 아이,색조 메이크업 아이라이너,[미크릿] 비건 안번지는 미온수클렌징 마스카라아이라이너  SET,50000,30000
오셸로,색조 메이크업 아이,색조 메이크업 아이라이너,[미크릿] 미크릿 안번지는 워셔블 비건 붓펜 아이라이너  블랙,12000,9900
오셸로,색조 메이크업 아이,색조 메이크업 아이라이너,[미크릿] 미크릿 안번지는 워셔블 비건 붓펜 아이라이너,12000,9900
오셸로,색조 메이크업 아이,색조 메이크업 아이섀도우,미크릿 비건 아이섀도우 팔레트 2종SET(MOODLI-VELY),80000,56500
오셸로,색조 메이크업 아이,색조 메이크업 아이섀도우,미크릿 비건 아이섀도우 팔레트 단품 (MOOD LI-VELY),40000,30500
오셸로,색조 메이크업 아이,색조 메이크업 마스카라,[미크릿] (비건화장품)번짐없는 워셔블 마스카라 ,35000,23500
더비건글로우,기능성 화장품,기능성 영양보습 화장품,굿모닝 크림,28000, 
더비건글로우,기능성 화장품,기능성 영양보습 화장품,굿나잇 크림,35000, 
더비건글로우,기능성 화장품,기능성 영양보습 화장품,크림듀오 SET,63000,56700
더비건글로우,클렌징 용품,클렌징 폼,마일드 폼 클렌저,16000, 
더비건글로우,기능성 화장품,기능성 화장품 세트,스킨케어 SET,79000,71100
더비건글로우,헤어 케어,샴푸,오리지널 샴푸바,15000, 
더비건글로우,헤어 케어,린스,오리지널 컨디셔너바,15000, 
더비건글로우,헤어 케어,헤어케어세트,헤어케어 SET,30000, 
더비건글로우,헤어 케어,헤어케어세트,헤어케어 3+1 SET,60000,54000
더비건글로우,헤어 케어,헤어케어세트,친환경 샴푸망,2000, 
더말로지카,클렌징 용품,클렌징 폼, 프리클렌즈 150ml,59000, 
더말로지카,클렌징 용품,클렌징 워터/젤, 스페셜 클렌징 젤 250ml,49000, 
더말로지카,클렌징 용품,클렌징 워터/젤, 스페셜 클렌징 젤 500ml,82000, 
더말로지카,클렌징 용품,클렌징 폼, 클리어링 스킨 워시 250ml,49000, 
더말로지카,클렌징 용품,클렌징 폼, 울트라카밍 클렌저 250ml,51000, 
더말로지카,클렌징 용품,클렌징 워터/젤, 스페셜 클렌징 젤 50ml,16000, 
더말로지카,클렌징 용품,클렌징 폼, 프리클렌즈 30ml,18000, 
더말로지카,클렌징 용품,클렌징 폼, 프리클렌즈 밤 90ml,61000, 
더말로지카,클렌징 용품,클렌징 폼, 스킨 리설페이싱 클렌저 150ml,59000, 
더말로지카,클렌징 용품,클렌징 폼, 프리클렌즈 밤 15ml,18500, 
더말로지카,클렌징 용품,클렌징 폼, 더말 클레이 클렌저 250ml,49000, 
더말로지카,스킨 케어,스킨케어 마스크팩, 데일리 마이크로폴리언트 74g,79000, 
더말로지카,스킨 케어,스킨케어 마스크팩, 데일리 마이크로폴리언트 13g,22000, 
더말로지카,스킨 케어,스킨케어 마스크팩, 데일리 슈퍼폴리언트 13g,27000, 
더말로지카,스킨 케어,스킨케어 마스크팩, 멀티비타민 파워 리커버리 마스크 75ml,78000, 
더말로지카,스킨 케어,스킨케어 마스크팩, 스킨 하이드레이팅 마스크 75ml,55250, 
더말로지카,스킨 케어,스킨케어 마스크팩, 데일리 슈퍼폴리언트 57g,83000, 
더말로지카,스킨 케어,스킨케어 마스크팩, 하이드로 엑스폴리언트 118ml,149000, 
더말로지카,스킨 케어,스킨케어 마스크팩, 하이드로 엑스폴리언트 50ml,97000, 
더말로지카,스킨 케어,스킨케어 마스크팩, 클리니컬 오트밀 마스크 177g,150000, 
더말로지카,기초 화장품,기초 화장용 미스트, 안티옥시던트 하이드라미스트 150ml,59000, 
더말로지카,기초 화장품,기초 화장용 미스트, 울트라카밍 미스트 177ml,41650, 
더말로지카,기능성 화장품,기능성 영양보습 화장품, 멀티액티브 토너 250ml,49000, 
더말로지카,기초 화장품,기초 화장용 미스트, 안티옥시던트 하이드라미스트 30ml,19000, 
더말로지카,기능성 화장품,기능성 영양보습 화장품, 멀티액티브 토너 50ml,16000, 
더말로지카,기능성 화장품,기능성 링클케어 화장품, 울트라카밍 세럼 컨센트레이트 40ml,81000, 
더말로지카,기능성 화장품,기능성 화이트닝 화장품, C-12 퓨어 브라이트 세럼 50ml,138000, 
더말로지카,기능성 화장품,기능성 영양보습 화장품, 스킨 하이드레이팅 부스터 30ml,72250, 
더말로지카,기능성 화장품,기능성 영양보습 화장품, 바이오루민-C 세럼 30ml,119000, 
더말로지카,기능성 화장품,기능성 영양보습 화장품, 멀티비타민 파워 세럼 22ml,118000, 
더말로지카,기능성 화장품,기능성 영양보습 화장품, 오버나이트 리페어 세럼 15ml,96000, 
더말로지카,기능성 화장품,기능성 아이케어 화장품, 멀티비타민 파워 펌 15ml,81000, 
더말로지카,기능성 화장품,기능성 링클케어 화장품, 리뉴얼 립 콤플렉스 1.75ml,33000, 
더말로지카,기능성 화장품,기능성 아이케어 화장품, 인텐시브 아이 리페어 15ml,76000, 
더말로지카,기능성 화장품,기능성 영양보습 화장품, (리뉴얼)액티브 모이스트 2.0 100ml,78000, 
더말로지카,기능성 화장품,기능성 영양보습 화장품, New! 스킨 스무딩 크림 100ml,81000, 
더말로지카,기능성 화장품,기능성 영양보습 화장품, 캄 워터 젤 50ml,57800, 
더말로지카,기능성 화장품,기능성 영양보습 화장품, 슈퍼 리치 리페어 50ml,115000, 
더말로지카,기능성 화장품,기능성 영양보습 화장품, 파워 리치 10ml x 5ea,259000, 
더말로지카,기능성 화장품,기능성 영양보습 화장품, 사운드 슬립 코쿤 50ml,300, 
더말로지카,기능성 화장품,기능성 영양보습 화장품, 퓨어 나이트 50ml,115000, 
더말로지카,기능성 화장품,기능성 영양보습 화장품, 배리어 리페어 30ml,68000, 
더말로지카,기능성 화장품,기능성 영양보습 화장품, New! 인텐시브 모이스처 밸런스 100ml(리뉴얼),95000, 
더말로지카,선 제품,선크림, 슈퍼 센서티브 쉴드 50ml,66300, 
더말로지카,바디 케어,바디 보습제, 바디 하이드레이팅 크림 473ml,65000, 
라임크라임,색조 메이크업 립,색조 메이크업 립스틱,"Lime Crime Wet Cherry Lip Gloss(라임 크라임 웻 체리 립 글로스, 다양한 색상)",26350, 
라임크라임,색조 메이크업 립,색조 메이크업 립스틱,라임 크라임 매트 벨베틴 립스틱 (다양한 색상),27900, 
라임크라임,색조 메이크업 립,색조 메이크업 립스틱,Lime Crime Lip Pops 2g (Various Shades),31000, 
라임크라임,색조 메이크업 립,색조 메이크업 립라이너,라임 크라임 립 블레이즈 3.44ml (다양한 색상),31000,23250
라임크라임,색조 메이크업 립,색조 메이크업 립스틱,"Lime Crime Plushies Lipstick(라임 크라임 플러시 립스틱, 다양한 색상)",27900, 
라임크라임,색조 메이크업 립,색조 메이크업 립스틱,라임 크라임 벨베틴 립 라이너 1.2g (다양한 색상),22475, 
라임크라임,색조 메이크업 립,색조 메이크업 립글로스,Lime Crime Metallic Velvetines Lipstick (Various Shades),27900,20925
라임크라임,색조 메이크업 립,색조 메이크업 립스틱,라임 크라임 다이아몬드 크러셔 립 토퍼 (다양한 색상),27900, 
라임크라임,색조 메이크업 립,색조 메이크업 립스틱,"Lime Crime Unicorn Lipstick(라임 크라임 유니콘 립스틱, 다양한 색상)",25575, 
라임크라임,색조 메이크업 아이,색조 메이크업 아이브로우,Lime Crime Bushy Brow Pen(라임 크라임 부시 브로우펜 0.7ml - 다양한 색조),28675, 
라임크라임,색조 메이크업 아이,색조 메이크업 아이브로우,Lime Crime Bushy Brow Gel 3.5ml (Various Shades),25575, 
라임크라임,색조 메이크업 아이,색조 메이크업 아이섀도우,Lime Crime Eyeshadow Palette - Venus XL II(라임 크라임 아이섀도우 팔레트 - 비너스 XL II),86800,65100
라임크라임,색조 메이크업 아이,색조 메이크업 아이섀도우,Lime Crime Eye Shadow Palette - Venus XL(라임 크라임 아이섀도우 팔레트 - 비너스 XL),86800,65100
라임크라임,색조 메이크업 아이,색조 메이크업 아이섀도우,Lime Crime Eyeshadow Palette - Venus III(라임 크라임 아이섀도우 팔레트 - 비너스 III),54250,40688
라임크라임,색조 메이크업 아이,색조 메이크업 아이섀도우,Lime Crime Eye Shadow Palette - Venus I,54250,40688
라임크라임,색조 메이크업 아이,색조 메이크업 아이섀도우,Lime Crime Eye Shadow Palette - Venus II,54250,40688
라임크라임,색조 메이크업 아이,색조 메이크업 아이섀도우,라임 크라임 비너스 임몰탈리스 팔레트,54250,40688
라임크라임,색조 메이크업 기타,색조 메이크업 쉐딩/하이라이터,"Lime Crime Diamond Dew Highlighter(라임 크라임 다이아몬드 듀 하이라이터, 다양한 색상)",27900, 
라임크라임,색조 메이크업 기타,색조 메이크업 쉐딩/하이라이터,Lime Crime Hi-Lite Highlighter Palette - Opals,54250,40688
라임크라임,색조 메이크업 기타,색조 메이크업 쉐딩/하이라이터,Lime Crime Hi-Lite Highlighter Palette - Angels(라임 크라임 하이라이트 하이라이터 팔레트 - 엔젤),54250,40688
라임크라임,색조 메이크업 기타,색조 메이크업 쉐딩/하이라이터,Lime Crime Hi-Lite Highlighter Palette - Blossoms,54250,40688
라임크라임,색조 메이크업 기타,색조 메이크업 쉐딩/하이라이터,라임 크라임 리퀴드 하이-라이트 (다양한 색상),34100, 
라임크라임,메이크업 도구,메이크업 브러쉬,Lime Crime Aquarium Brush Set,80600, 
라임크라임,헤어 케어,샴푸,Lime Crime Unicorn Hair Colour Shampoo - Universal 230ml,27125, 
라임크라임,헤어 케어,린스,Lime Crime Unicorn Hair Colour Conditioner - Universal 230ml,27125, 
매닉패닉,헤어 미용,헤어스타일링용 염색약,AFTER MIDNIGHT,20000, 
매닉패닉,헤어 미용,헤어스타일링용 염색약,ATOMIC TURQUOISE,20000, 
매닉패닉,헤어 미용,헤어스타일링용 염색약,COTTON CANDY PINK,20000, 
매닉패닉,헤어 미용,헤어스타일링용 염색약,SHOCKING BLUE,20000, 
매닉패닉,헤어 미용,헤어스타일링용 염색약,BAD BOY BLUE,20000, 
매닉패닉,헤어 미용,헤어스타일링용 염색약,ELECTRIC AMETHYST,20000, 
매닉패닉,헤어 미용,헤어스타일링용 염색약,ELECTRIC BANANA,20000, 
매닉패닉,헤어 미용,헤어스타일링용 염색약,ELECTRIC LAVA,20000, 
매닉패닉,헤어 미용,헤어스타일링용 염색약,ELECTRIC LIZARD,20000, 
매닉패닉,헤어 미용,헤어스타일링용 염색약,ELECTRIC TIGER LILY,20000, 
매닉패닉,헤어 미용,헤어스타일링용 염색약,ENCHANTED FOREST,20000, 
매닉패닉,헤어 미용,헤어스타일링용 염색약,FUSCHIA SHOCK,20000, 
매닉패닉,헤어 미용,헤어스타일링용 염색약,GREEN ENVY,20000, 
매닉패닉,헤어 미용,헤어스타일링용 염색약,HOT HOT PINK,20000, 
매닉패닉,헤어 미용,헤어스타일링용 염색약,INFRA RED,20000, 
매닉패닉,헤어 미용,헤어스타일링용 염색약,LIE LOCKS,20000, 
매닉패닉,헤어 미용,헤어스타일링용 염색약,MYSTIC HEATHER,20000, 
매닉패닉,헤어 미용,헤어스타일링용 염색약,NEW ROSE,20000, 
매닉패닉,헤어 미용,헤어스타일링용 염색약,PILLARBOX RED,20000, 
매닉패닉,헤어 미용,헤어스타일링용 염색약,PRETTY FLAMINGO,20000, 
매닉패닉,헤어 미용,헤어스타일링용 염색약,PURPLE HAZE,20000, 
매닉패닉,헤어 미용,헤어스타일링용 염색약,RAVEN,20000, 
매닉패닉,헤어 미용,헤어스타일링용 염색약,RED PASSION,20000, 
매닉패닉,헤어 미용,헤어스타일링용 염색약,ROCK N ROLL RED,20000, 
매닉패닉,헤어 미용,헤어스타일링용 염색약,ROCKABILLY BLUE,20000, 
매닉패닉,헤어 미용,헤어스타일링용 염색약,ULTRA VIOLET,20000, 
매닉패닉,헤어 미용,헤어스타일링용 염색약,VAMPIRE RED,20000, 
매닉패닉,헤어 미용,헤어스타일링용 염색약,VIRGIN SNOW,20000, 
매닉패닉,헤어 미용,헤어스타일링용 염색약,VOODOO BLUE,20000, 
매닉패닉,헤어 미용,헤어스타일링용 염색약,WILDFIRE,20000, 
매닉패닉,헤어 미용,헤어스타일링용 염색약,BLUE MOON,20000, 
매닉패닉,헤어 미용,헤어스타일링용 염색약,CLEO ROSE,20000, 
매닉패닉,헤어 미용,헤어스타일링용 염색약,PSYCHEDELIC SUNSET,20000, 
매닉패닉,헤어 미용,헤어스타일링용 염색약,SUNSHINE,20000, 
매닉패닉,헤어 미용,헤어스타일링용 염색약,VAMPIRES KISS,20000, 
매닉패닉,헤어 미용,헤어스타일링용 염색약,VENUS ENVY,20000, 
매닉패닉,헤어 미용,헤어스타일링용 염색약,VIOLET NIGHT,20000, 
매닉패닉,헤어 미용,헤어스타일링용 염색약,MANIC MIXER,20000, 
매닉패닉,헤어 미용,헤어스타일링용 염색약,PINK CADILLAC,20000, 
불독,남성 기타,남성 쉐이빙,불독 5중 면도날 4개입 / Bulldog,14400, 
불독,남성 기타,남성 쉐이빙,불독 5중 면도날 2개입 / Bulldog,9200, 
불독,남성 기타,남성 쉐이빙,불독 대나무 5중날 면도기 / Bulldog,14900, 
불독,클렌징 용품,클렌징 워터/젤,불독 오리지널 워시젤 150ml 비건 / Bulldog,7400, 
불독,남성 기타,남성 쉐이빙,불독 애프터 쉐이브 밤 100ml 비건 / Bulldog,8800, 
불독,기능성 화장품,기능성 영양보습 화장품,불독 오리지널 수분크림 100ml 비건 / Bulldog,11300, 
불독,기능성 화장품,기능성 영양보습 화장품,불독 센시티브 수분크림 100ml 비건 / Bulldog,11800, 
불독,남성 기타,남성 쉐이빙,불독 오리지널 수염 오일 30ml 비건 / Bulldog,11800, 
쿠모 브러쉬,메이크업 도구,메이크업 브러쉬,다크서클 컨실러 세트,40000,26300
쿠모 브러쉬,메이크업 도구,메이크업 브러쉬,[예약 판매] 핑거팁 브러쉬,24000,21500
쿠모 브러쉬,메이크업 도구,메이크업 브러쉬,블랙 핏 메이크업 스펀지 with 헤이다,11900,7900
쿠모 브러쉬,메이크업 도구,메이크업 브러쉬,컨실러 브러쉬,21000,13800
쿠모 브러쉬,메이크업 도구,메이크업 브러쉬,스몰 컨실러 브러쉬,19000,15200
쿠모 브러쉬,메이크업 도구,메이크업 브러쉬,플랫 파운데이션 브러쉬,31000,21500
쿠모 브러쉬,메이크업 도구,메이크업 브러쉬,돔 파운데이션 브러쉬,31000,24900
쿠모 브러쉬,메이크업 도구,메이크업 브러쉬,앵글드 블러셔 브러쉬,31000,25900
쿠모 브러쉬,메이크업 도구,메이크업 브러쉬,라지 파우더 브러쉬,38000,26900
쿠모 브러쉬,메이크업 도구,메이크업 브러쉬,라지 테이퍼드 파운데이션 브러쉬,38000,27900
쿠모 브러쉬,메이크업 도구,메이크업 브러쉬,앵글드 쉐딩 브러쉬,31000,27900
쿠모 브러쉬,메이크업 도구,메이크업 브러쉬,하이라이터 브러쉬,29000,24900
쿠모 브러쉬,메이크업 도구,메이크업 브러쉬,테이퍼드 파우더 브러쉬,35000,28000
쿠모 브러쉬,메이크업 도구,메이크업 브러쉬,[예약 판매] 퍼펙트 아이 세트,50400,34800
쿠모 브러쉬,메이크업 도구,메이크업 브러쉬,디파이닝 아이섀도우 브러쉬,21000,17900
쿠모 브러쉬,메이크업 도구,메이크업 브러쉬,타이트라인(디테일) 브러쉬 with 헤이다,20000,19000
쿠모 브러쉬,메이크업 도구,메이크업 브러쉬,미니 핑거팁 브러쉬 with 헤이다,20000,18300
쿠모 브러쉬,메이크업 도구,메이크업 브러쉬,올라운드 아이섀도우 브러쉬,21000,16800
쿠모 브러쉬,메이크업 도구,메이크업 브러쉬,테이퍼드 블렌딩 브러쉬,21000,18900
쿠모 브러쉬,메이크업 도구,메이크업 브러쉬,아이섀도우 브러쉬,21000,16800
쿠모 브러쉬,메이크업 도구,메이크업 브러쉬,블렌딩 브러쉬,21000,16800
쿠모 브러쉬,메이크업 도구,메이크업 브러쉬,앵글드 아이브로우 브러쉬,16000,12900
쿠모 브러쉬,메이크업 도구,메이크업 브러쉬,앵글드 아이라이너 브러쉬,16000,12900
쿠모 브러쉬,메이크업 도구,메이크업 브러쉬,스크류 브러쉬,8900,5900
쿠모 브러쉬,메이크업 도구,메이크업 브러쉬,앵글드 립 브러쉬,16000,12900
쿠모 브러쉬,메이크업 도구,메이크업 브러쉬,비기너 아이 세트,69900,28800
쿠모 브러쉬,메이크업 도구,메이크업 브러쉬,씬님 더 바이올렛 트래블러 세트,104000,46800
쿠모 브러쉬,메이크업 도구,메이크업 브러쉬,[예약 판매] 매끈 베이스 세트,35900,25800
쿠모 브러쉬,메이크업 도구,메이크업 브러쉬,유니콘 데일리 컨투어 키트,39500,19000
쿠모 브러쉬,메이크업 도구,메이크업 브러쉬,[예약 판매] 모공 브러쉬 세트+브러쉬 홀더,55000,35900
쿠모 브러쉬,메이크업 도구,메이크업 브러쉬,미니멀 메이크업 세트,80000,38900
멜릭서,기초 화장품,기초 화장용 스킨,비건 밸런싱 토너 (290ml),36000,23000
멜릭서,기능성 화장품,기능성 화장품 세트,비건 하이드레이션 키트,86000,70000
멜릭서,선 제품,선크림,비건 에어핏 선스크린,30000, 
멜릭서,기능성 화장품,기능성 화장품 세트,비건 스타터 키트,66000,54000
멜릭서,기초 화장품,기초 화장용 크림,비건 릴리프 페이셜 크림,48000, 
멜릭서,색조 메이크업 립,색조 메이크업 립밤,비건 립 버터 트리오,36000,22000
멜릭서,색조 메이크업 립,색조 메이크업 립밤,비건 립버터 아가베 듀오,24000,15800
멜릭서,기초 화장품,기초 화장용 스킨,비건 밸런싱 토너,18000,12000
멜릭서,기초 화장품,기초 화장용 에센스,비건 뱀부 세럼,38000, 
멜릭서,클렌징 용품,클렌징 워터/젤,비건 허베이셔스 젤 클렌저,26000, 
멜릭서,클렌징 용품,클렌징 워터/젤,비건 클린 키트,44000,34000
멜릭서,색조 메이크업 립,색조 메이크업 립밤,비건 립 버터,12000,7900
멜릭서,클렌징 용품,클렌징 오일,비건 스쿠알란 페이스 오일,38000, 
보나쥬르,클렌징 용품,클렌징 폼,그린티 폼 클렌징 150ml,10500,8500
보나쥬르,클렌징 용품,클렌징 폼,가슬 폼 클렌저 150ml,11000,9000
보나쥬르,스킨 케어,스크럽/필링크림,그린티 AHA 필링젤 150ml,9800,8000
보나쥬르,클렌징 용품,클렌징 폼,제주밀크 포밍 클렌저 150ml,18500,16000
보나쥬르,클렌징 용품,클렌징 워터/젤,그린티 딥 클렌징 워터 200ml,12000,9800
보나쥬르,클렌징 용품,클렌징 폼,멜로우 마일드 밀크 클렌저 200ml,27000,16000
보나쥬르,기초 화장품,기초 화장용 오일/앰플,라이스브랜 90 클렌징 오일 200ml,31000,18000
보나쥬르,클렌징 용품,클렌징 워터/젤,피지 클렌징 젤 100ml,18000,14500
보나쥬르,기초 화장품,기초 화장용 미스트,노세범 뽀송 미스트 50ml,20000,14000
보나쥬르,클렌징 용품,클렌징 워터/젤,그린티 워터밤 토너 205ml,24000,16000
보나쥬르,클렌징 용품,클렌징 워터/젤,[착한수분세트] 그린티 워터밤 토너 + 수분크림,43000,32000
보나쥬르,기초 화장품,기초 화장용 스킨,프로폴리스 에너지 토너 205ml,27000,18000
보나쥬르,기초 화장품,기초 화장용 스킨,[수분장벽세트] 프로폴리스 토너 + 세럼,49500,37500
보나쥬르,기초 화장품,기초 화장용 스킨,가지 BHA 토너 205ml,25000,18000
보나쥬르,기초 화장품,기초 화장용 스킨,[수부지세트] 가지 BHA 토너 + 수분크림,50000,36000
보나쥬르,기초 화장품,기초 화장용 스킨,아크 그린티 스킨 150ml,7500, 
보나쥬르,기초 화장품,기초 화장용 로션,아크 그린티 로션 150ml,7500, 
보나쥬르,기초 화장품,기초 화장용 로션,아크 그린티 스킨&로션,15000, 
보나쥬르,기능성 화장품,기능성 화장품 세트,지성 세트 4종 (성난피부세트),48000,40200
보나쥬르,기초 화장품,기초 화장용 스킨,센텔라 리페어 스킨 토너 150ml,26000,17000
보나쥬르,기초 화장품,기초 화장용 로션,센텔라 리페어 로션 150ml,26000,17000
보나쥬르,기초 화장품,기초 화장용 로션,센텔라 리페어 스킨&로션,52000,34000
보나쥬르,기능성 화장품,기능성 화장품 세트,지성 세트 4종 (손상케어세트),75500,66800
보나쥬르,기능성 화장품,기능성 화장품 세트,[흔적세트] 시카 리페어 4종 세트,131000,89300
보나쥬르,기능성 화장품,기능성 화장품 세트,맨 올인원 120ml,30000,27000
보나쥬르,클렌징 용품,클렌징 워터/젤,펩타이드 워터밤 100ml,19000,16000
보나쥬르,클렌징 용품,클렌징 워터/젤,그린티 워터밤 100ml,19000,16000
보나쥬르,기초 화장품,기초 화장용 크림,가지 BHA 수분 크림 50ml,25000,18000
보나쥬르,기초 화장품,기초 화장용 크림,익스트림 시카크림 50ml,48000,32000
보나쥬르,기초 화장품,기초 화장용 크림,초록 비타민 크림 50ml,29200,21800
보나쥬르,기초 화장품,기초 화장용 크림,부활초 숙면크림 80ml,35700,26700
보나쥬르,기초 화장품,기초 화장용 크림,윤광 진정 크림 50ml,38000,27000
보나쥬르,기초 화장품,기초 화장용 크림,EGF 영양 크림 50ml,187000,61700
보나쥬르,기초 화장품,기초 화장용 에센스,EGF 퍼스트 에센스 130ml,54800,43000
보나쥬르,기초 화장품,기초 화장용 크림,[고보습고영양세트] EGF 에센스 + 크림,241800,99500
보나쥬르,기초 화장품,기초 화장용 크림,[5% OFF][프리미엄세트] EGF 에센스 + 크림 + 링클크림 + 로즈스템셀,319100,158400
보나쥬르,기초 화장품,기초 화장용 에센스,초록 비타민 세럼 35ml,35700,28000
보나쥬르,기초 화장품,기초 화장용 크림,[잡티완화세트] 초록 비타민 세럼 + 크림,64900,49800
보나쥬르,기초 화장품,기초 화장용 에센스,부활초 에센스 50ml,37000,27700
보나쥬르,기초 화장품,기초 화장용 크림,[속보습세트] 부활초 에센스 + 숙면크림,72700,54400
보나쥬르,기초 화장품,기초 화장용 에센스,익스트림 시카세럼 50ml,31000,28000
보나쥬르,기초 화장품,기초 화장용 크림,[흔적세트] 익스트림 시카세럼 + 크림,79000,60000
보나쥬르,기초 화장품,기초 화장용 에센스,익스트림 시카세럼 100ml (대용량),56000,47500
보나쥬르,기초 화장품,기초 화장용 에센스,프로폴리스 세럼 100ml,22500,19500
보나쥬르,기초 화장품,기초 화장용 에센스,[문제성피부세트] 프로폴리스 세럼 + 시카세럼,53500,47500
보나쥬르,기초 화장품,기초 화장용 에센스,[문제성피부세트] 프로폴리스 세럼 + 시카세럼 (대용량),78500,67000
보나쥬르,기초 화장품,기초 화장용 오일/앰플,로즈스템셀 앰플 30ml,38800,33000
보나쥬르,기초 화장품,기초 화장용 오일/앰플,더마 MDK 리페어 앰플 13g,28000,21000
보나쥬르,기초 화장품,기초 화장용 오일/앰플,흔적 집중 앰플 5종,140000,89000
보나쥬르,기초 화장품,기초 화장용 오일/앰플,유기농 호호바 오일 12ml,18000,10800
보나쥬르,기초 화장품,기초 화장용 오일/앰플,유기농 티트리 오일 10ml,18000,10900
보나쥬르,기초 화장품,기초 화장용 크림,래디언스 톤업 크림 50ml (메이크업부스터),28000,15000
보나쥬르,선 제품,선크림,무기자차 노세범 선크림 40ml (수부지),25000,18000
보나쥬르,선 제품,선크림,무기자차 데일리 선크림 35ml (민감성),25000,18000
보나쥬르,기초 화장품,기초 화장용 크림,언더커버 더마 비비크림 30ml,23000,18000
보나쥬르,뷰티 도구,화장 퍼프,CC쿠션 전용 찰떡 퍼프 3종,5000, 
보나쥬르,스킨 케어,스킨케어 마스크팩,쑥 크림 카밍 팩 55g,18000,11500
보나쥬르,스킨 케어,스킨케어 머드팩,사해 머드 노세범 팩 50ml,18000,11500
보나쥬르,스킨 케어,스킨케어 마스크팩,부활초 마스크팩 25g,4000,3500
보나쥬르,스킨 케어,스킨케어 마스크팩,부활초 마스크팩 10+2매,40000,35000
보나쥬르,스킨 케어,스킨케어 마스크팩,익스트림 마스크팩 25g,5000,4200
보나쥬르,스킨 케어,스킨케어 마스크팩,익스트림 마스크팩 5매,25000,21000
보나쥬르,스킨 케어,스킨케어 마스크팩,익스트림 마스크팩 10매,50000,35700
보나쥬르,스킨 케어,스킨케어 마스크팩,그린티 마스크팩 25g,2000,1500
보나쥬르,스킨 케어,스킨케어 마스크팩,그린티 마스크팩 10매,20000,15000
보나쥬르,스킨 케어,스킨케어 마스크팩,프로폴리스 마스크팩 25g,2000,1500
보나쥬르,스킨 케어,스킨케어 마스크팩,프로폴리스 마스크팩 10매,20000,15000
보나쥬르,스킨 케어,스킨케어 마스크팩,그린티팩 5매 + 프로폴리스팩 5매,20000,15000
보나쥬르,바디 케어,바디 클렌져,티트리 바디 워시 300ml,18000,15000
보나쥬르,바디 케어,바디 클렌져,티트리 바디 로션 300ml,18000,16000
보나쥬르,바디 케어,바디 클렌져,티트리 바디 세트,36000,31000
보나쥬르,바디 케어,바디 클렌져,실키 바디 클렌저 300ml,19000,13500
보나쥬르,바디 케어,바디 클렌져,코코넛 바디 로션 300ml,14000,10900
보나쥬르,기초 화장품,기초 화장용 로션,아쥬라 센서티브 패밀리 케어 로션 300ml,34000,24500
보나쥬르,바디 케어,바디 클렌져,퓨어 레이디 워시 150ml,18000,15000
보나쥬르,기초 화장품,기초 화장용 크림,망고버터 핸드크림 50ml,7000,4500
보나쥬르,기초 화장품,기초 화장용 에센스,로얄 허니 립 에센스 10ml,7000,4500
보나쥬르,클렌징 용품,클렌징 폼,[미니어처] 그린티 폼 클렌징 20ml,3000, 
보나쥬르,클렌징 용품,클렌징 워터/젤,[미니어처] 그린티 워터밤 20ml,4000, 
보나쥬르,뷰티 도구,뷰티용 여드름압출기,블랙헤드 압출기,4300, 
보나쥬르,기초 화장품,기초 화장용 미스트,노세범 뽀송 미스트 펌프,500, 
보나쥬르,기초 화장품,기초 화장용 미스트,안개분사 미스트 펌프,500, 
보나쥬르,기초 화장품,기초 화장용 크림,EGF 링클 이레이저 크림 30ml,38500,29000
이솔,기초 화장품,기초 화장용 에센스,이솔 토탈 8 히알루론산 세럼 100ml,24900,14900
이솔,헤어 케어,헤어케어,이솔 두피가 편한 샴푸 500ml,18800, 
이솔,기초 화장품,기초 화장용 오일/앰플,이솔 에센셜 베리어 클렌징 오일 150ml,19800,15900
이솔,클렌징 용품,클렌징 폼,이솔 에센셜 베리어 클렌징 밀크 200ml,18900,13900
이솔,헤어 케어,헤어케어,이솔 더 실키 헤어 트리트먼트 200ml,18900,14900
이솔,헤어 케어,헤어케어,이솔 스칼프 시카 샴푸 500ml,26800,19800
이솔,헤어 케어,헤어케어,이솔 프로 나이아신아마이드 20 트리트먼트 50ml,12900, 
이솔,스킨 케어,스킨케어 마스크팩,이솔 구황작물 맑은 결 마스크 100ml,16900, 
이솔,기초 화장품,기초 화장용 오일/앰플,이솔 더 앰플 플러스 30ml,25900, 
이솔,기초 화장품,기초 화장용 크림,이솔 핑크징크크림 50ml,9900, 
이솔,기능성 화장품,기능성 영양보습 화장품,이솔 에그플랜트 피에이치 발란스 젤 70ml,11900, 
이솔,기초 화장품,기초 화장용 에센스,이솔 베리베리 시카 롤 30ml,13900, 
이솔,바디 케어,바디 클렌져,이솔 S.O.S 수딩 바디 트리트먼트 200g,18900, 
이솔,기초 화장품,기초 화장용 에센스,이솔 솔잎 에너지 에센스 100ml,18900, 
이솔,기능성 화장품,기능성 화이트닝 화장품,이솔 더 쑥 100ml,18900, 
이솔,기초 화장품,기초 화장용 스킨,이솔 로즈 럭스 토너 300ml,12900, 
이솔,색조 메이크업 립,색조 메이크업 립밤,두나 립 - 톤 밤 15g,3900, 
이솔,기초 화장품,기초 화장용 오일/앰플,이솔 오리진 갈락토미세스 파워 앰플 80ml,9900, 
이솔,기초 화장품,기초 화장용 오일/앰플,(New) 이솔 갈락토미세스 파워 앰플 73.7ml,9450, 
이솔,기초 화장품,기초 화장용 오일/앰플,이솔 병풀 파워 앰플 73.7ml,9900, 
이솔,기초 화장품,기초 화장용 스킨,이솔 세범 리스 포어 토너 200ml,11900, 
이솔,기초 화장품,기초 화장용 스킨,이솔 스킨 베리어 리포좀 크림 50ml,15690, 
이솔,기초 화장품,기초 화장용 에센스,두나 타임 리버스 세럼 30ml,12900, 
이솔,헤어 케어,헤어케어,이솔 나이아신아마이드 10% 트리트먼트 100ml,11900, 
이솔,기초 화장품,기초 화장용 오일/앰플,이솔 페이셜 리커버리 부스터 50ml,11900, 
이솔,선 제품,선크림,이솔 올 데이 쉴드 선 스틱 17g,14900, 
이솔,기초 화장품,기초 화장용 에센스,이솔 수 오 세럼 30ml,12900, 
이솔,기초 화장품,기초 화장용 스킨,이솔 베타 하이드록시 애씨드 05 토너 200ml,10500, 
이솔,기초 화장품,기초 화장용 스킨,두나 카밍업 토너 150ml,9900, 
이솔,스킨 케어,스킨케어 마스크팩,(5+1) 이솔 더 마스크,7500, 
이솔,기초 화장품,기초 화장용 오일/앰플,이솔 에이지 슈프림 앰플 30ml,14900, 
이솔,헤어 케어,헤어케어,이솔 퍼펙트 시카 트리트먼트 30ml,16900, 
이솔,기초 화장품,기초 화장용 크림,이솔 파워 리피드 트리플 빌드 50ml,23900, 
이솔,기능성 화장품,기능성 트러블케어 화장품,이솔 호랑이 파우더 11ml,8900, 
이솔,기초 화장품,기초 화장용 오일/앰플,이솔 봄날 빛고운 앰플 50ml,8900, 
이솔,기초 화장품,기초 화장용 오일/앰플,이솔 마치현 파워 앰플 50ml,9900, 
이솔,기능성 화장품,기능성 영양보습 화장품,이솔 하이드로 맥스 젤크림 50g,6900, 
이솔,스킨 케어,스킨케어 마스크팩,이솔 아쿠아 푸딩 모델링 마스크 500g,19800, 
이솔,기초 화장품,기초 화장용 에센스,이솔 안티 이리테이션 세럼 200ml,12000, 
이솔,기능성 화장품,기능성 영양보습 화장품,이솔 센시티브 라이트 젤 크림 50g,11900, 
이솔,기초 화장품,기초 화장용 크림,이솔 엑티베이터 베리어 크림 100g,18900, 
이솔,헤어 케어,헤어케어,이솔 갈락토미세스 트리트먼트 라이트 150ml,13800, 
이솔,기초 화장품,기초 화장용 스킨,이솔 시카 유스 토너 300ml,11900, 
이솔,클렌징 용품,클렌징 폼,이솔 장벽 슈크리미 클렌징 폼 150g,8900, 
이솔,기초 화장품,기초 화장용 스킨,이솔 순한살결수 200ml,7420, 
이솔,기초 화장품,기초 화장용 크림,두나 울트라 리피드 크림 50g,12900, 
이솔,기초 화장품,기초 화장용 오일/앰플,이솔 바이오닉 비타C 앰플 20ml,12900, 
이솔,기초 화장품,기초 화장용 오일/앰플,두나 호랑이 앰플 50ml,12900, 
이솔,기초 화장품,기초 화장용 크림,이솔 데일리 썬 쉴드 크림 SPF40++ 50g,14900, 
이솔,기능성 화장품,기능성 영양보습 화장품,이솔 리얼 알로에 수딩 젤 150ml,8700, 
이솔,기초 화장품,기초 화장용 로션,이솔 딥 실키 모이스처 30ml,7400, 
이솔,클렌징 용품,클렌징 폼,이솔 더 클렌징 200ml,8900, 
이솔,기초 화장품,기초 화장용 스킨,두나 촵촵 스킨 500ml,8900, 
이솔,기초 화장품,기초 화장용 크림,(품절) 이솔 피부가 편한 크림 50ml,12000, 
이솔,기초 화장품,기초 화장용 크림,이솔 온고잉 크림 50ml,11900, 
이솔,기초 화장품,기초 화장용 스킨,이솔 온고잉 토너 200ml,8900, 
이솔,기능성 화장품,기능성 트러블케어 화장품,이솔 그린 효소 세안제 50g,11840, 
이솔,헤어 케어,헤어케어,이솔 퍼스트 홀리스틱 트리트먼트 100ml,18900, 
이솔,기초 화장품,기초 화장용 에센스,두나 보들보들 바하젤 100ml,7900, 
이솔,색조 메이크업 립,색조 메이크업 립밤,이솔 양배추 리빌딩 실키밤 50ml,12900, 
이솔,클렌징 용품,클렌징 워터/젤,이솔 논드라잉 클랜저 200ml,11900, 
이솔,기초 화장품,기초 화장용 크림,이솔 원더 버터풀 크림 50g,4400, 
이솔,스킨 케어,스킨케어 마스크팩,이솔 더 마스크 25g,1500, 
이솔,클렌징 용품,클렌징 파우더,이솔 더 리페어 솔루션 50g,8900, 
이솔,기초 화장품,기초 화장용 크림,이솔 갈락토미세스 슈 크림 50ml,9900, 
이솔,클렌징 용품,클렌징 워터/젤,이솔 젠틀 파워 클렌저 200ml,9900, 
이솔,클렌징 용품,클렌징 파우더,이솔 헬시 스킨 솔루션 아하 10 100ml,12500, 
이솔,기초 화장품,기초 화장용 크림,이솔 홍결고 크림 50g,14900, 
이솔,스킨 케어,스킨케어 마스크팩,이솔 어드벤시드 퓨어 설퍼 마스크 100g,14900, 
이솔,기초 화장품,기초 화장용 로션,두나 모이스처 키핑팩 100ml,9900, 
이솔,기초 화장품,기초 화장용 오일/앰플,이솔 임페리얼 앰플 50ml,14900, 
이솔,기초 화장품,기초 화장용 스킨,이솔 딥 하이드레이팅 부스터 토너 200ml,10500, 
이솔,기초 화장품,기초 화장용 크림,(품절) 이솔 레드 테라피 크림 50g,12900, 
허블룸,기초 화장품,기초 화장용 스킨,콤부차 플랜트바이옴 토너,26000, 
허블룸,기초 화장품,기초 화장용 에센스,콤부차 플랜트바이옴 세럼,43000,38000
허블룸,기초 화장품,기초 화장용 오일/앰플,비건 뷰티 페이스 오일,36000,18000
허블룸,기능성 화장품,기능성 화장품 세트,비건 올인원 세트,66000,53200
허블룸,클렌징 용품,클렌징 폼,그린 클리어 비건 클렌징 오일 투 폼,23000, 
허블룸,기능성 화장품,기능성 화장품 세트,비건 스타터 세트,69000,62000
허블룸,기초 화장품,기초 화장용 오일/앰플,비건 뷰티 페이스 오일 2ea Set,72000,36000
닥터브로너스,클렌징 용품,클렌징 폼,[공홈 기획세트] 닥터 브로너스 프리미엄 세트,34400, 
닥터브로너스,바디 케어,바디 클렌져,[공홈 기획세트] 닥터 브로너스 프리미엄 세트,34400, 
닥터브로너스,클렌징 용품,클렌징 폼,[청결생활]닥터 브로너스 슈가솝 360ml,20000, 
닥터브로너스,바디 케어,바디 클렌져,[청결생활]닥터 브로너스 슈가솝 360ml,20000, 
닥터브로너스,바디 케어,바디케어용 때비누,그린티 퓨어 캐스틸 바솝 140g,8000, 
닥터브로너스,클렌징 용품,화장 비누,그린티 퓨어 캐스틸 바솝 140g,8000, 
닥터브로너스,클렌징 용품,클렌징 오일,그린티 퓨어 캐스틸 솝 240ml,12500, 
닥터브로너스,바디 케어,바디 클렌져,그린티 퓨어 캐스틸 솝 240ml,12500, 
닥터브로너스,클렌징 용품,클렌징 오일,그린티 퓨어 캐스틸 솝 475ml,20000, 
닥터브로너스,바디 케어,바디 클렌져,그린티 퓨어 캐스틸 솝 475ml,20000, 
닥터브로너스,클렌징 용품,클렌징 오일,그린티 퓨어 캐스틸 솝 60ml,4300, 
닥터브로너스,바디 케어,바디 클렌져,그린티 퓨어 캐스틸 솝 60ml,4300, 
닥터브로너스,클렌징 용품,클렌징 오일,그린티 퓨어 캐스틸 솝 950ml,31000, 
닥터브로너스,바디 케어,바디 클렌져,그린티 퓨어 캐스틸 솝 950ml,31000, 
닥터브로너스,클렌징 용품,클렌징 폼,라벤더 슈가솝 360ml,20000, 
닥터브로너스,바디 케어,바디 클렌져,라벤더 슈가솝 360ml,20000, 
닥터브로너스,바디 케어,바디케어용 때비누,라벤더 퓨어 캐스틸 바솝 140g,8000, 
닥터브로너스,클렌징 용품,화장 비누,라벤더 퓨어 캐스틸 바솝 140g,8000, 
닥터브로너스,클렌징 용품,클렌징 오일,라벤더 퓨어 캐스틸 솝 240ml,12500, 
닥터브로너스,바디 케어,바디 클렌져,라벤더 퓨어 캐스틸 솝 240ml,12500, 
닥터브로너스,클렌징 용품,클렌징 오일,라벤더 퓨어 캐스틸 솝 475ml,20000, 
닥터브로너스,바디 케어,바디 클렌져,라벤더 퓨어 캐스틸 솝 475ml,20000, 
닥터브로너스,클렌징 용품,클렌징 오일,라벤더 퓨어 캐스틸 솝 60ml,4300, 
닥터브로너스,바디 케어,바디 클렌져,라벤더 퓨어 캐스틸 솝 60ml,4300, 
닥터브로너스,클렌징 용품,클렌징 오일,라벤더 퓨어 캐스틸 솝 950ml,31000, 
닥터브로너스,바디 케어,바디 클렌져,라벤더 퓨어 캐스틸 솝 950ml,31000, 
닥터브로너스,바디 케어,바디 보습제,라벤더코코넛 오가닉 바디로션 237ml,21000, 
닥터브로너스,헤어 케어,헤어에센스,라벤더코코넛 오가닉 헤어크림 177ml,16000, 
닥터브로너스,클렌징 용품,클렌징 폼,레몬그라스 라임 슈가솝 360ml,20000, 
닥터브로너스,바디 케어,바디 클렌져,레몬그라스 라임 슈가솝 360ml,20000, 
닥터브로너스,바디 케어,바디케어용 때비누,로즈 퓨어 캐스틸 바솝 140g,8000, 
닥터브로너스,클렌징 용품,화장 비누,로즈 퓨어 캐스틸 바솝 140g,8000, 
닥터브로너스,클렌징 용품,클렌징 오일,로즈 퓨어 캐스틸 솝 240ml,12500, 
닥터브로너스,바디 케어,바디 클렌져,로즈 퓨어 캐스틸 솝 240ml,12500, 
닥터브로너스,클렌징 용품,클렌징 오일,로즈 퓨어 캐스틸 솝 475ml,20000, 
닥터브로너스,바디 케어,바디 클렌져,로즈 퓨어 캐스틸 솝 475ml,20000, 
닥터브로너스,클렌징 용품,클렌징 오일,로즈 퓨어 캐스틸 솝 60ml,4300, 
닥터브로너스,바디 케어,바디 클렌져,로즈 퓨어 캐스틸 솝 60ml,4300, 
닥터브로너스,클렌징 용품,클렌징 오일,로즈 퓨어 캐스틸 솝 950ml,31000, 
닥터브로너스,바디 케어,바디 클렌져,로즈 퓨어 캐스틸 솝 950ml,31000, 
닥터브로너스,바디 케어,바디케어용 때비누,베이비 마일드 퓨어 캐스틸 바솝 140g,8000, 
닥터브로너스,클렌징 용품,화장 비누,베이비 마일드 퓨어 캐스틸 바솝 140g,8000, 
닥터브로너스,클렌징 용품,클렌징 폼,베이비 언센티드 슈가솝 360ml,20000, 
닥터브로너스,바디 케어,바디 클렌져,베이비 언센티드 슈가솝 360ml,20000, 
닥터브로너스,클렌징 용품,클렌징 오일,베이비 언센티드 퓨어 캐스틸 솝 240ml,12500, 
닥터브로너스,바디 케어,바디 클렌져,베이비 언센티드 퓨어 캐스틸 솝 240ml,12500, 
닥터브로너스,클렌징 용품,클렌징 오일,베이비 언센티드 퓨어 캐스틸 솝 475ml,20000, 
닥터브로너스,바디 케어,바디 클렌져,베이비 언센티드 퓨어 캐스틸 솝 475ml,20000, 
닥터브로너스,클렌징 용품,클렌징 오일,베이비 언센티드 퓨어 캐스틸 솝 60ml,4300, 
닥터브로너스,바디 케어,바디 클렌져,베이비 언센티드 퓨어 캐스틸 솝 60ml,4300, 
닥터브로너스,클렌징 용품,클렌징 오일,베이비 언센티드 퓨어 캐스틸 솝 950ml,31000, 
닥터브로너스,바디 케어,바디 클렌져,베이비 언센티드 퓨어 캐스틸 솝 950ml,31000, 
닥터브로너스,바디 케어,바디케어용 때비누,샌달우드 자스민 퓨어 캐스틸 바솝 140g,8000, 
닥터브로너스,클렌징 용품,화장 비누,샌달우드 자스민 퓨어 캐스틸 바솝 140g,8000, 
닥터브로너스,클렌징 용품,남성 클렌징,샌달우드 자스민 퓨어 캐스틸 바솝 140g,8000, 
닥터브로너스,클렌징 용품,클렌징 오일,샌달우드 자스민 퓨어 캐스틸 솝 240ml,12500, 
닥터브로너스,바디 케어,바디 클렌져,샌달우드 자스민 퓨어 캐스틸 솝 240ml,12500, 
닥터브로너스,클렌징 용품,남성 클렌징,샌달우드 자스민 퓨어 캐스틸 솝 240ml,12500, 
닥터브로너스,클렌징 용품,클렌징 오일,샌달우드 자스민 퓨어 캐스틸 솝 475ml,20000, 
닥터브로너스,바디 케어,바디 클렌져,샌달우드 자스민 퓨어 캐스틸 솝 475ml,20000, 
닥터브로너스,클렌징 용품,남성 클렌징,샌달우드 자스민 퓨어 캐스틸 솝 475ml,20000, 
닥터브로너스,클렌징 용품,클렌징 오일,샌달우드 자스민 퓨어 캐스틸 솝 60ml,4300, 
닥터브로너스,바디 케어,바디 클렌져,샌달우드 자스민 퓨어 캐스틸 솝 60ml,4300, 
닥터브로너스,클렌징 용품,남성 클렌징,샌달우드 자스민 퓨어 캐스틸 솝 60ml,4300, 
닥터브로너스,클렌징 용품,클렌징 오일,샌달우드 자스민 퓨어 캐스틸 솝 950ml,31000, 
닥터브로너스,바디 케어,바디 클렌져,샌달우드 자스민 퓨어 캐스틸 솝 950ml,31000, 
닥터브로너스,클렌징 용품,남성 클렌징,샌달우드 자스민 퓨어 캐스틸 솝 950ml,31000, 
닥터브로너스,바디 케어,바디케어용 때비누,시트러스 오렌지 퓨어 캐스틸 바솝 140g,8000, 
닥터브로너스,클렌징 용품,화장 비누,시트러스 오렌지 퓨어 캐스틸 바솝 140g,8000, 
닥터브로너스,클렌징 용품,클렌징 오일,시트러스 오렌지 퓨어 캐스틸 솝 240ml,12500, 
닥터브로너스,바디 케어,바디 클렌져,시트러스 오렌지 퓨어 캐스틸 솝 240ml,12500, 
닥터브로너스,클렌징 용품,클렌징 오일,시트러스 오렌지 퓨어 캐스틸 솝 475ml,20000, 
닥터브로너스,바디 케어,바디 클렌져,시트러스 오렌지 퓨어 캐스틸 솝 475ml,20000, 
닥터브로너스,클렌징 용품,클렌징 오일,시트러스 오렌지 퓨어 캐스틸 솝 60ml,4300, 
닥터브로너스,바디 케어,바디 클렌져,시트러스 오렌지 퓨어 캐스틸 솝 60ml,4300, 
닥터브로너스,클렌징 용품,클렌징 오일,시트러스 오렌지 퓨어 캐스틸 솝 950ml,31000, 
닥터브로너스,바디 케어,바디 클렌져,시트러스 오렌지 퓨어 캐스틸 솝 950ml,31000, 
닥터브로너스,바디 케어,바디케어용 때비누,아몬드 퓨어 캐스틸 바솝 140g,8000, 
닥터브로너스,클렌징 용품,화장 비누,아몬드 퓨어 캐스틸 바솝 140g,8000, 
닥터브로너스,클렌징 용품,클렌징 오일,아몬드 퓨어 캐스틸 솝 240ml,12500, 
닥터브로너스,바디 케어,바디 클렌져,아몬드 퓨어 캐스틸 솝 240ml,12500, 
닥터브로너스,클렌징 용품,클렌징 오일,아몬드 퓨어 캐스틸 솝 475ml,20000, 
닥터브로너스,바디 케어,바디 클렌져,아몬드 퓨어 캐스틸 솝 475ml,20000, 
닥터브로너스,클렌징 용품,클렌징 오일,아몬드 퓨어 캐스틸 솝 60ml,4300, 
닥터브로너스,바디 케어,바디 클렌져,아몬드 퓨어 캐스틸 솝 60ml,4300, 
닥터브로너스,클렌징 용품,클렌징 오일,아몬드 퓨어 캐스틸 솝 950ml,31000, 
닥터브로너스,바디 케어,바디 클렌져,아몬드 퓨어 캐스틸 솝 950ml,31000, 
닥터브로너스,클렌징 용품,클렌징 오일,얼그레이 퓨어 캐스틸 솝 240ml,12500, 
닥터브로너스,바디 케어,바디 클렌져,얼그레이 퓨어 캐스틸 솝 240ml,12500, 
닥터브로너스,클렌징 용품,남성 클렌징,얼그레이 퓨어 캐스틸 솝 240ml,12500, 
닥터브로너스,클렌징 용품,클렌징 오일,얼그레이 퓨어 캐스틸 솝 475ml,20000, 
닥터브로너스,바디 케어,바디 클렌져,얼그레이 퓨어 캐스틸 솝 475ml,20000, 
닥터브로너스,클렌징 용품,남성 클렌징,얼그레이 퓨어 캐스틸 솝 475ml,20000, 
닥터브로너스,클렌징 용품,클렌징 오일,얼그레이 퓨어 캐스틸 솝 60ml,4300, 
닥터브로너스,바디 케어,바디 클렌져,얼그레이 퓨어 캐스틸 솝 60ml,4300, 
닥터브로너스,클렌징 용품,남성 클렌징,얼그레이 퓨어 캐스틸 솝 60ml,4300, 
닥터브로너스,클렌징 용품,클렌징 오일,얼그레이 퓨어 캐스틸 솝 950ml,31000, 
닥터브로너스,바디 케어,바디 클렌져,얼그레이 퓨어 캐스틸 솝 950ml,31000, 
닥터브로너스,클렌징 용품,남성 클렌징,얼그레이 퓨어 캐스틸 솝 950ml,31000, 
닥터브로너스,바디 케어,바디 보습제,오렌지라벤더 오가닉 바디로션 237ml,21000, 
닥터브로너스,바디 케어,바디케어용 때비누,유칼립투스 퓨어 캐스틸 바솝 140g,8000, 
닥터브로너스,클렌징 용품,화장 비누,유칼립투스 퓨어 캐스틸 바솝 140g,8000, 
닥터브로너스,클렌징 용품,클렌징 오일,유칼립투스 퓨어 캐스틸 솝 240ml,12500, 
닥터브로너스,바디 케어,바디 클렌져,유칼립투스 퓨어 캐스틸 솝 240ml,12500, 
닥터브로너스,클렌징 용품,클렌징 오일,유칼립투스 퓨어 캐스틸 솝 475ml,20000, 
닥터브로너스,바디 케어,바디 클렌져,유칼립투스 퓨어 캐스틸 솝 475ml,20000, 
닥터브로너스,클렌징 용품,클렌징 오일,유칼립투스 퓨어 캐스틸 솝 60ml,4300, 
닥터브로너스,바디 케어,바디 클렌져,유칼립투스 퓨어 캐스틸 솝 60ml,4300, 
닥터브로너스,클렌징 용품,클렌징 오일,유칼립투스 퓨어 캐스틸 솝 950ml,31000, 
닥터브로너스,바디 케어,바디 클렌져,유칼립투스 퓨어 캐스틸 솝 950ml,31000, 
닥터브로너스,바디 케어,바디케어용 때비누,체리블라썸 퓨어 캐스틸 바솝 140g,8000, 
닥터브로너스,클렌징 용품,화장 비누,체리블라썸 퓨어 캐스틸 바솝 140g,8000, 
닥터브로너스,클렌징 용품,클렌징 오일,체리블라썸 퓨어 캐스틸 솝 240ml,12500, 
닥터브로너스,바디 케어,바디 클렌져,체리블라썸 퓨어 캐스틸 솝 240ml,12500, 
닥터브로너스,클렌징 용품,클렌징 오일,체리블라썸 퓨어 캐스틸 솝 475ml,20000, 
닥터브로너스,바디 케어,바디 클렌져,체리블라썸 퓨어 캐스틸 솝 475ml,20000, 
닥터브로너스,클렌징 용품,클렌징 오일,체리블라썸 퓨어 캐스틸 솝 60ml,4300, 
닥터브로너스,바디 케어,바디 클렌져,체리블라썸 퓨어 캐스틸 솝 60ml,4300, 
닥터브로너스,클렌징 용품,클렌징 오일,체리블라썸 퓨어 캐스틸 솝 950ml,31000, 
닥터브로너스,바디 케어,바디 클렌져,체리블라썸 퓨어 캐스틸 솝 950ml,31000, 
닥터브로너스,클렌징 용품,클렌징 폼,티트리 슈가솝 360ml,20000, 
닥터브로너스,바디 케어,바디 클렌져,티트리 슈가솝 360ml,20000, 
닥터브로너스,바디 케어,바디케어용 때비누,티트리 퓨어 캐스틸 바솝 140g,8000, 
닥터브로너스,클렌징 용품,화장 비누,티트리 퓨어 캐스틸 바솝 140g,8000, 
닥터브로너스,클렌징 용품,클렌징 오일,티트리 퓨어 캐스틸 솝 240ml,12500, 
닥터브로너스,바디 케어,바디 클렌져,티트리 퓨어 캐스틸 솝 240ml,12500, 
닥터브로너스,클렌징 용품,클렌징 오일,티트리 퓨어 캐스틸 솝 475ml,20000, 
닥터브로너스,바디 케어,바디 클렌져,티트리 퓨어 캐스틸 솝 475ml,20000, 
닥터브로너스,클렌징 용품,클렌징 오일,티트리 퓨어 캐스틸 솝 60ml,4300, 
닥터브로너스,바디 케어,바디 클렌져,티트리 퓨어 캐스틸 솝 60ml,4300, 
닥터브로너스,클렌징 용품,클렌징 오일,티트리 퓨어 캐스틸 솝 950ml,31000, 
닥터브로너스,바디 케어,바디 클렌져,티트리 퓨어 캐스틸 솝 950ml,31000, 
닥터브로너스,바디 케어,바디 보습제,패츄올리 라임 오가닉 바디로션 237ml,21000, 
닥터브로너스,클렌징 용품,클렌징 폼,페퍼민트 슈가솝 360ml,20000,16000
닥터브로너스,바디 케어,바디 클렌져,페퍼민트 슈가솝 360ml,20000,16000
닥터브로너스,클렌징 용품,남성 클렌징,페퍼민트 슈가솝 360ml,20000,16000
닥터브로너스,바디 케어,바디 보습제,페퍼민트 오가닉 바디로션 237ml,21000,16800
닥터브로너스,헤어 케어,헤어에센스,페퍼민트 오가닉 헤어크림 177ml,16000,12800
닥터브로너스,바디 케어,바디케어용 때비누,페퍼민트 퓨어 캐스틸 바솝 140g,8000,6400
닥터브로너스,클렌징 용품,화장 비누,페퍼민트 퓨어 캐스틸 바솝 140g,8000,6400
닥터브로너스,클렌징 용품,남성 클렌징,페퍼민트 퓨어 캐스틸 바솝 140g,8000,6400
닥터브로너스,클렌징 용품,클렌징 오일,페퍼민트 퓨어 캐스틸 솝 240ml,12500,10000
닥터브로너스,바디 케어,바디 클렌져,페퍼민트 퓨어 캐스틸 솝 240ml,12500,10000
닥터브로너스,클렌징 용품,남성 클렌징,페퍼민트 퓨어 캐스틸 솝 240ml,12500,10000
닥터브로너스,클렌징 용품,클렌징 오일,페퍼민트 퓨어 캐스틸 솝 475ml,20000,16000
닥터브로너스,바디 케어,바디 클렌져,페퍼민트 퓨어 캐스틸 솝 475ml,20000,16000
닥터브로너스,클렌징 용품,남성 클렌징,페퍼민트 퓨어 캐스틸 솝 475ml,20000,16000
닥터브로너스,클렌징 용품,클렌징 오일,페퍼민트 퓨어 캐스틸 솝 60ml,4300,3440
닥터브로너스,바디 케어,바디 클렌져,페퍼민트 퓨어 캐스틸 솝 60ml,4300,3440
닥터브로너스,클렌징 용품,남성 클렌징,페퍼민트 퓨어 캐스틸 솝 60ml,4300,3440
닥터브로너스,클렌징 용품,클렌징 오일,페퍼민트 퓨어 캐스틸 솝 950ml,31000,24800
닥터브로너스,바디 케어,바디 클렌져,페퍼민트 퓨어 캐스틸 솝 950ml,31000,24800
닥터브로너스,클렌징 용품,남성 클렌징,페퍼민트 퓨어 캐스틸 솝 950ml,31000,24800
러쉬,향수,여성향수,1000 키시스 딥 100ml,110000, 
러쉬,향수,여성향수,1000 키시스 딥 솔리드 퍼퓸,20000, 
러쉬,향수,여성향수,1000 키시스 딥 워시 카드,4000, 
러쉬,입욕제,입욕제,1000 키시스 딥 퍼퓸 버블 보틀,25000, 
러쉬,향수,여성향수,1000 키시스 딥30ml,55000, 
러쉬,입욕제,입욕제,가디스,19000, 
러쉬,메이크업 도구,메이크업 브러쉬,겟 인 데어,22000, 
러쉬,바디 케어,바디케어용 때비누,굿 데이 선샤인,19000, 
러쉬,바디 케어,바디 클렌져,굿 데이 선샤인,19000, 
러쉬,향수,여성향수,그래스 100ml,190000, 
러쉬,향수,여성향수,그래쓰루츠 100ml,130000, 
러쉬,입욕제,입욕제,그루비 카인드 오브 러브,19000, 
러쉬,클렌징 용품,클렌징 크림,그리스 라이트닝,20000, 
러쉬,헤어 케어,린스,글로리 95g/215g/450g,29000, 
러쉬,메이크업 도구,메이크업 브러쉬,글로우 투 타운,45000, 
러쉬,입욕제,입욕제,나나 버블 바,18000, 
러쉬,바디 케어,바디케어용 때비누,낫 슬리피,8000, 
러쉬,바디 케어,바디 클렌져,낫 슬리피,8000, 
러쉬,향수,여성향수,네로 100ml,320000, 
러쉬,향수,여성향수,네로 30ml,150000, 
러쉬,색조 메이크업 립,색조 메이크업 립밤,논 오브 유어 비즈왁스,17000, 
러쉬,헤어 케어,샴푸,뉴,18000, 
러쉬,입욕제,입욕제,다이너마이트 버블 스틱,16000, 
러쉬,바디 케어,바디 클렌져,다크 엔젤스 100g/250g,22000, 
러쉬,클렌징 용품,클렌징 크림,다크 엔젤스 100g/250g,22000, 
러쉬,향수,여성향수,대드스 가든 100ml,220000, 
러쉬,향수,여성향수,대드스 가든 레몬 트리,50000, 
러쉬,헤어 케어,샴푸,대디-오 100g/250g/500g,19000, 
러쉬,헤어 케어,린스,더 골든 캡,22000, 
러쉬,입욕제,입욕제,더 그레이트 웨이브,18000, 
러쉬,향수,여성향수,더 버그 100ml,280000, 
러쉬,입욕제,입욕제,더 빅 컴포터,48000, 
러쉬,향수,여성향수,더 스멜 오브 프리덤 100ml,280000, 
러쉬,바디 케어,바디케어용 때비누,더 올리브 브랜치 100g/250g/500g,17000, 
러쉬,바디 케어,바디 클렌져,더 올리브 브랜치 100g/250g/500g,17000, 
러쉬,입욕제,입욕제,더 컴포터,15000, 
러쉬,입욕제,입욕제,더 컴포터,18000, 
러쉬,입욕제,입욕제,더 허니 팟,19000, 
러쉬,향수,여성향수,더티 100ml,110000, 
러쉬,향수,여성향수,더티 30ml,55000, 
러쉬,향수,여성향수,더티 보디 스프레이,50000, 
러쉬,향수,여성향수,더티 솔리드 퍼퓸,20000, 
러쉬,헤어 미용,헤어왁스,더티 스타일링 크림,25000, 
러쉬,바디 케어,바디케어용 때비누,더티 스프링워시 100g/280g/560g,17000, 
러쉬,바디 케어,바디 클렌져,더티 스프링워시 100g/280g/560g,17000, 
러쉬,향수,여성향수,더티 워시 카드,4000, 
러쉬,입욕제,입욕제,더티 퍼퓸 버블 보틀,23000, 
러쉬,향수,여성향수,데빌스 나이트캡 100ml,330000, 
러쉬,향수,여성향수,데쓰 앤 디케이 100ml,220000, 
러쉬,색조 메이크업 아이,색조 메이크업 아이라이너,독립,35000, 
러쉬,스킨 케어,스킨케어 마스크팩,돈트 룩 앳 미,25000, 
러쉬,입욕제,입욕제,드래곤스 에그,15000, 
러쉬,바디 케어,바디 보습제,드림 크림,42000, 
러쉬,바디 케어,바디 보습제,드림 크림 셀프-프리저빙 45g/240g,13000, 
러쉬,향수,여성향수,디어 존 100ml,170000, 
러쉬,입욕제,입욕제,디어 존 퍼퓸 버블 보틀,35000, 
러쉬,입욕제,입욕제,딥 슬립,19000, 
러쉬,입욕제,입욕제,라이트벌브 모먼트,16000, 
러쉬,입욕제,입욕제,라즈베리 블로어,22000, 
러쉬,향수,여성향수,러브 100ml,150000, 
러쉬,향수,여성향수,러브 30ml,75000, 
러쉬,향수,여성향수,러브 솔리드 퍼퓸,20000, 
러쉬,향수,여성향수,러브 워시 카드,4000, 
러쉬,입욕제,입욕제,러브 퍼퓸 버블 보틀,35000, 
러쉬,향수,여성향수,러스트 100ml,130000, 
러쉬,향수,여성향수,러스트 30ml,65000, 
러쉬,향수,여성향수,러스트 솔리드 퍼퓸,20000, 
러쉬,향수,여성향수,러스트 워시 카드,4000, 
러쉬,입욕제,입욕제,럭키 캣 버블 바,16000, 
러쉬,바디 케어,바디케어용 때비누,럽 럽 럽 300g/600g,30000, 
러쉬,바디 케어,바디 클렌져,럽 럽 럽 300g/600g,30000, 
러쉬,바디 케어,바디케어용 때비누,레몬 제스트,14000, 
러쉬,바디 케어,바디 클렌져,레몬 제스트,14000, 
러쉬,입욕제,입욕제,레몬 크럼블 버블룬,19000, 
러쉬,입욕제,입욕제,레이디 버드,18000, 
러쉬,입욕제,입욕제,레인보우,20000, 
러쉬,바디 케어,바디케어용 때비누,레인보우,20000, 
러쉬,바디 케어,바디 클렌져,레인보우,20000, 
러쉬,향수,여성향수,렌트리스 100ml,150000, 
러쉬,향수,여성향수,렌트리스 30ml,75000, 
러쉬,향수,여성향수,렌트리스 솔리드 퍼퓸,20000, 
러쉬,향수,여성향수,렌트리스 워시 카드,4000, 
러쉬,바디 케어,바디 클렌져,렛 더 굿 타임즈 롤 100g/250g,22000, 
러쉬,클렌징 용품,클렌징 크림,렛 더 굿 타임즈 롤 100g/250g,22000, 
러쉬,향수,여성향수,로드 오브 고트혼 100ml,280000, 
러쉬,향수,여성향수,로드 오브 미스룰 100ml,130000, 
러쉬,향수,여성향수,로드 오브 미스룰 30ml,65000, 
러쉬,향수,여성향수,로드 오브 미스룰 솔리드 퍼퓸,20000, 
러쉬,향수,여성향수,로드 오브 미스룰 워시 카드,4000, 
러쉬,향수,여성향수,로드 프롬 다마스쿠스 100ml,330000, 
러쉬,색조 메이크업 립,색조 메이크업 립스틱,로스앤젤레스,25000, 
러쉬,색조 메이크업 립,색조 메이크업 립밤,로즈 롤리팝,17000, 
러쉬,바디 케어,바디케어용 때비누,로즈 아르간,22000, 
러쉬,바디 케어,바디 클렌져,로즈 아르간,22000, 
러쉬,바디 케어,바디케어용 때비누,로즈 아르간 보디 컨디셔너 225g/450g,42000, 
러쉬,바디 케어,바디 클렌져,로즈 아르간 보디 컨디셔너 225g/450g,42000, 
러쉬,향수,여성향수,로즈 잼,65000, 
러쉬,바디 케어,바디케어용 때비누,로즈 잼 100g/250g/500g,19000, 
러쉬,바디 케어,바디 클렌져,로즈 잼 100g/250g/500g,19000, 
러쉬,입욕제,입욕제,로즈 잼 버블룬,16000, 
러쉬,향수,여성향수,로즈 잼 솔리드 퍼퓸,20000, 
러쉬,향수,여성향수,로즈 잼 워시 카드,4000, 
러쉬,스킨 케어,스킨케어 마스크팩,로지 칙스,25000, 
러쉬,헤어 케어,헤어에센스,르네'스 시어 수플레 90g/190g/390g,34000, 
러쉬,헤어 케어,샴푸,리햅 100g/250g/500g,19000, 
러쉬,헤어 케어,트리트먼트,마릴린,32000, 
러쉬,입욕제,입욕제,마쉬멜로우 월드,19000, 
러쉬,클렌징 용품,클렌징 크림,매지컬 모링가,54000, 
러쉬,바디 케어,바디케어용 때비누,매직 크리스탈스 300g/600g,32000, 
러쉬,바디 케어,바디 클렌져,매직 크리스탈스 300g/600g,32000, 
러쉬,입욕제,입욕제,머메이드 테일,18000, 
러쉬,입욕제,입욕제,멜로우 드라마 버블 스틱,16000, 
러쉬,입욕제,입욕제,멜리진,19000, 
러쉬,클렌징 용품,화장 비누,모비스,18000, 
러쉬,입욕제,입욕제,몬스터스 & 에일리언스,19000, 
러쉬,바디 케어,바디케어용 때비누,몬스터스 & 에일리언스,19000, 
러쉬,바디 케어,바디 클렌져,몬스터스 & 에일리언스,19000, 
러쉬,헤어 케어,샴푸,몬탈바노,18000, 
러쉬,입욕제,입욕제,미세스 위피,20000, 
러쉬,바디 케어,바디케어용 때비누,밀키 바,9000, 
러쉬,바디 케어,바디 클렌져,밀키 바,9000, 
러쉬,입욕제,입욕제,밀키 배쓰 버블 보틀,22000, 
러쉬,향수,여성향수,바닐라리 100ml,130000, 
러쉬,향수,여성향수,바닐라리 30ml,65000, 
러쉬,향수,여성향수,바닐라리 솔리드 퍼퓸,20000, 
러쉬,향수,여성향수,바닐라리 워시 카드,4000, 
러쉬,헤어 케어,헤어에센스,밸런스 100g/225g/450g,34000, 
러쉬,입욕제,입욕제,버터볼,7500, 
러쉬,바디 케어,바디케어용 때비누,버피 90g,17000, 
러쉬,바디 케어,바디 클렌져,버피 90g,17000, 
러쉬,바디 케어,바디 보습제,버피 90g,17000, 
러쉬,헤어 케어,린스,베가니스 100g/250g/500g,15000, 
러쉬,입욕제,입욕제,베수비오,20000, 
러쉬,색조 메이크업 립,색조 메이크업 립스틱,베이테딘,25000, 
러쉬,입욕제,입욕제,보틀 오브 버블리 버블 보틀,23000, 
러쉬,바디 케어,바디케어용 때비누,보헤미안,9000, 
러쉬,바디 케어,바디 클렌져,보헤미안,9000, 
러쉬,풋 제품,풋워시/스크럽,볼케이노,18000, 
러쉬,입욕제,입욕제,브라이트사이드,18000, 
러쉬,향수,여성향수,브레스 오브 갓 100ml,150000, 
러쉬,향수,여성향수,브레스 오브 갓 30ml,75000, 
러쉬,향수,여성향수,브레스 오브 갓 솔리드 퍼퓸,20000, 
러쉬,향수,여성향수,브레스 오브 갓 워시 카드,4000, 
러쉬,기초 화장품,기초 화장용 스킨,브레스 오브 프레쉬 에어 100g/250g,14000, 
러쉬,입욕제,입욕제,블랙베리,15000, 
러쉬,입욕제,입욕제,블루 스카이스 앤드 플러피 화이트 클라우즈,18000, 
러쉬,향수,여성향수,비 센트 100ml,220000, 
러쉬,헤어 케어,샴푸,빅,35000, 
러쉬,입욕제,입욕제,빅 보틀 오브 에너지 버블 보틀,28000, 
러쉬,입욕제,입욕제,빅 보틀 오브 캄 버블 보틀,25000, 
러쉬,입욕제,입욕제,빅 블루,12000, 
러쉬,색조 메이크업 립,색조 메이크업 립스틱,사이돈,25000, 
러쉬,입욕제,입욕제,사쿠라,12000, 
러쉬,향수,여성향수,사쿠라,60000, 
러쉬,바디 케어,바디케어용 때비누,샌드스톤,10000, 
러쉬,바디 케어,바디 클렌져,샌드스톤,10000, 
러쉬,클렌징 용품,클렌징 크림,세븐 투 쓰리,5000, 
러쉬,입욕제,입욕제,섹스 밤,12000, 
러쉬,클렌징 용품,클렌징 크림,셀레스티얼,48000, 
러쉬,헤어 케어,샴푸,속 앤 플롯,18000, 
러쉬,헤어 케어,헤어에센스,수퍼 밀크 100g/250g,34000, 
러쉬,헤어 케어,트리트먼트,수퍼밤,37000, 
러쉬,향수,여성향수,수퍼월드 언노운 100ml,190000, 
러쉬,바디 케어,바디케어용 때비누,술타나 오브 솝,9000, 
러쉬,바디 케어,바디 클렌져,술타나 오브 솝,9000, 
러쉬,바디 케어,바디 보습제,쉼미 쉼미,13000, 
러쉬,향수,여성향수,스머글러스 소울 100ml,170000, 
러쉬,향수,여성향수,스머글러스 소울 30ml,85000, 
러쉬,향수,여성향수,스머글러스 소울 솔리드 퍼퓸,20000, 
러쉬,향수,여성향수,스머글러스 소울 워시 카드,4000, 
러쉬,클렌징 용품,클렌징 크림,스킨 드링크,49000, 
러쉬,입욕제,입욕제,스트로베리 폼,13000, 
러쉬,베이스 메이크업 제품,베이스 메이크업용 파운데이션,슬랩 스틱 10C,34000, 
러쉬,베이스 메이크업 제품,베이스 메이크업용 파운데이션,슬랩 스틱 11N,34000, 
러쉬,베이스 메이크업 제품,베이스 메이크업용 파운데이션,슬랩 스틱 12W,34000, 
러쉬,베이스 메이크업 제품,베이스 메이크업용 파운데이션,슬랩 스틱 13C,34000, 
러쉬,베이스 메이크업 제품,베이스 메이크업용 파운데이션,슬랩 스틱 14N,34000, 
러쉬,베이스 메이크업 제품,베이스 메이크업용 파운데이션,슬랩 스틱 15W,34000, 
러쉬,베이스 메이크업 제품,베이스 메이크업용 파운데이션,슬랩 스틱 16W,34000, 
러쉬,베이스 메이크업 제품,베이스 메이크업용 파운데이션,슬랩 스틱 17N,34000, 
러쉬,베이스 메이크업 제품,베이스 메이크업용 파운데이션,슬랩 스틱 18C,34000, 
러쉬,베이스 메이크업 제품,베이스 메이크업용 파운데이션,슬랩 스틱 19W,34000, 
러쉬,베이스 메이크업 제품,베이스 메이크업용 파운데이션,슬랩 스틱 1C,34000, 
러쉬,베이스 메이크업 제품,베이스 메이크업용 파운데이션,슬랩 스틱 20N,34000, 
러쉬,베이스 메이크업 제품,베이스 메이크업용 파운데이션,슬랩 스틱 21W,34000, 
러쉬,베이스 메이크업 제품,베이스 메이크업용 파운데이션,슬랩 스틱 22C,34000, 
러쉬,베이스 메이크업 제품,베이스 메이크업용 파운데이션,슬랩 스틱 23N,34000, 
러쉬,베이스 메이크업 제품,베이스 메이크업용 파운데이션,슬랩 스틱 24W,34000, 
러쉬,베이스 메이크업 제품,베이스 메이크업용 파운데이션,슬랩 스틱 25W,34000, 
러쉬,베이스 메이크업 제품,베이스 메이크업용 파운데이션,슬랩 스틱 26N,34000, 
러쉬,베이스 메이크업 제품,베이스 메이크업용 파운데이션,슬랩 스틱 27C,34000, 
러쉬,베이스 메이크업 제품,베이스 메이크업용 파운데이션,슬랩 스틱 28C,34000, 
러쉬,베이스 메이크업 제품,베이스 메이크업용 파운데이션,슬랩 스틱 29N,34000, 
러쉬,베이스 메이크업 제품,베이스 메이크업용 파운데이션,슬랩 스틱 2N,34000, 
러쉬,베이스 메이크업 제품,베이스 메이크업용 파운데이션,슬랩 스틱 30W,34000, 
러쉬,베이스 메이크업 제품,베이스 메이크업용 파운데이션,슬랩 스틱 31N,34000, 
러쉬,베이스 메이크업 제품,베이스 메이크업용 파운데이션,슬랩 스틱 32C,34000, 
러쉬,베이스 메이크업 제품,베이스 메이크업용 파운데이션,슬랩 스틱 33W,34000, 
러쉬,베이스 메이크업 제품,베이스 메이크업용 파운데이션,슬랩 스틱 34C,34000, 
러쉬,베이스 메이크업 제품,베이스 메이크업용 파운데이션,슬랩 스틱 35W,34000, 
러쉬,베이스 메이크업 제품,베이스 메이크업용 파운데이션,슬랩 스틱 36C,34000, 
러쉬,베이스 메이크업 제품,베이스 메이크업용 파운데이션,슬랩 스틱 37C,34000, 
러쉬,베이스 메이크업 제품,베이스 메이크업용 파운데이션,슬랩 스틱 38N,34000, 
러쉬,베이스 메이크업 제품,베이스 메이크업용 파운데이션,슬랩 스틱 39N,34000, 
러쉬,베이스 메이크업 제품,베이스 메이크업용 파운데이션,슬랩 스틱 3W,34000, 
러쉬,베이스 메이크업 제품,베이스 메이크업용 파운데이션,슬랩 스틱 40N,34000, 
러쉬,베이스 메이크업 제품,베이스 메이크업용 파운데이션,슬랩 스틱 4C,34000, 
러쉬,베이스 메이크업 제품,베이스 메이크업용 파운데이션,슬랩 스틱 5N,34000, 
러쉬,베이스 메이크업 제품,베이스 메이크업용 파운데이션,슬랩 스틱 6W,34000, 
러쉬,베이스 메이크업 제품,베이스 메이크업용 파운데이션,슬랩 스틱 7C,34000, 
러쉬,베이스 메이크업 제품,베이스 메이크업용 파운데이션,슬랩 스틱 8N,34000, 
러쉬,베이스 메이크업 제품,베이스 메이크업용 파운데이션,슬랩 스틱 9W,34000, 
러쉬,바디 케어,바디케어용 때비누,슬리피,13000, 
러쉬,바디 케어,바디 클렌져,슬리피,13000, 
러쉬,바디 케어,바디케어용 때비누,슬리피,8000, 
러쉬,바디 케어,바디 클렌져,슬리피,8000, 
러쉬,바디 케어,바디케어용 때비누,슬리피 110g/260g/520g,19000, 
러쉬,바디 케어,바디 클렌져,슬리피 110g/260g/520g,19000, 
러쉬,바디 케어,바디 보습제,슬리피 95g/225g,22000, 
러쉬,바디 케어,바디 보습제,슬리피 더스트,18000, 
러쉬,입욕제,입욕제,슬리피 버블 바,18000, 
러쉬,향수,여성향수,시크릿 가든 100ml,430000, 
러쉬,향수,여성향수,시킴 걸스 100ml,170000, 
러쉬,향수,여성향수,시킴 걸스 30ml,85000, 
러쉬,향수,여성향수,시킴 걸스 솔리드 퍼퓸,20000, 
러쉬,향수,여성향수,시킴 걸스 워시 카드,4000, 
러쉬,헤어 케어,샴푸,신시아 실비아 스타우트 100g/250g/500g,15000, 
러쉬,입욕제,입욕제,실버 라이닝 (에브리 클라우드 해즈 원),18000, 
러쉬,바디 케어,바디 보습제,실키 언더웨어,18000, 
러쉬,바디 케어,바디 보습제,심파시 포 더 스킨,40000, 
러쉬,입욕제,입욕제,써니사이드,19000, 
러쉬,향수,여성향수,썬 100ml,90000, 
러쉬,향수,여성향수,썬 30ml,45000, 
러쉬,향수,여성향수,썬 솔리드 퍼퓸,20000, 
러쉬,향수,여성향수,썬 워시 카드,4000, 
러쉬,바디 케어,바디케어용 때비누,씨 베지터블,10000, 
러쉬,바디 케어,바디 클렌져,씨 베지터블,10000, 
러쉬,헤어 케어,헤어에센스,씨 스프레이,32000, 
러쉬,헤어 케어,샴푸,씨닉,18000, 
러쉬,헤어 케어,린스,아메리칸 크림,22000, 
러쉬,향수,여성향수,아메리칸 크림 100ml,130000, 
러쉬,바디 케어,바디케어용 때비누,아메리칸 크림 110g/270g/550g,19000, 
러쉬,바디 케어,바디 클렌져,아메리칸 크림 110g/270g/550g,19000, 
러쉬,향수,여성향수,아메리칸 크림 30ml,65000, 
러쉬,향수,여성향수,아메리칸 크림 솔리드 퍼퓸,20000, 
러쉬,향수,여성향수,아메리칸 크림 워시 카드,4000, 
러쉬,입욕제,입욕제,아보배쓰,12000, 
러쉬,헤어 케어,헤어에센스,아보카도 코-워시,25000, 
러쉬,입욕제,입욕제,아브라카다브라 버블 스틱,12000, 
러쉬,바디 케어,바디케어용 때비누,아웃백 메이트,11000, 
러쉬,바디 케어,바디 클렌져,아웃백 메이트,11000, 
러쉬,색조 메이크업 아이,색조 메이크업 마스카라,아이즈 라이트,36000, 
러쉬,향수,여성향수,아이콘 100ml,280000, 
러쉬,바디 케어,바디 클렌져,아쿠아 마리나 100g/250g,22000, 
러쉬,클렌징 용품,클렌징 크림,아쿠아 마리나 100g/250g,22000, 
러쉬,입욕제,입욕제,아호이 버블 보틀,23000, 
러쉬,입욕제,입욕제,애플 크럼블 버블룬,19000, 
러쉬,입욕제,입욕제,어 프렌치 키스,16000, 
러쉬,바디 케어,바디 클렌져,엔젤스 온 배어 스킨 100g/250g,22000, 
러쉬,클렌징 용품,클렌징 크림,엔젤스 온 배어 스킨 100g/250g,22000, 
러쉬,클렌징 용품,클렌징 크림,엔지미온,50000, 
러쉬,입욕제,입욕제,엘시 더 지라프 (유어 헤빙 어 배쓰),16000, 
러쉬,기초 화장품,기초 화장용 스킨,오 로마 워터 100g/250g,14000, 
러쉬,바디 케어,바디케어용 때비누,오션 솔트 셀프-프리저빙 120g/250g,27000, 
러쉬,바디 케어,바디 클렌져,오션 솔트 셀프-프리저빙 120g/250g,27000, 
러쉬,바디 케어,바디 스크럽,오션 솔트 셀프-프리저빙 120g/250g,27000, 
러쉬,스킨 케어,스크럽/필링크림,오션 솔트 셀프-프리저빙 120g/250g,27000, 
러쉬,바디 케어,바디케어용 때비누,오티 크리미 드리미 225g,40000, 
러쉬,바디 케어,바디 클렌져,오티 크리미 드리미 225g,40000, 
러쉬,스킨 케어,스킨케어 마스크팩,오티픽스,25000, 
러쉬,바디 케어,바디케어용 때비누,올리브 트리,22000, 
러쉬,바디 케어,바디 클렌져,올리브 트리,22000, 
러쉬,헤어 케어,샴푸,와사비 샨 쿠이 110g/300g/600g,25000, 
러쉬,향수,여성향수,왓 우드 러브 두? 100ml,90000, 
러쉬,향수,여성향수,왓 우드 러브 두? 30ml,45000, 
러쉬,향수,여성향수,왓 우드 러브 두? 솔리드 퍼퓸,20000, 
러쉬,향수,여성향수,왓 우드 러브 두? 워시 카드,4000, 
러쉬,색조 메이크업 아이,색조 메이크업 아이라이너,용기,35000, 
러쉬,입욕제,입욕제,울트라바이올렛,20000, 
러쉬,클렌징 용품,클렌징 크림,울트라플랜트,33000, 
러쉬,입욕제,입욕제,워리 몬스터,18000, 
러쉬,바디 케어,바디 보습제,위키 매직 머슬즈,19000, 
러쉬,메이크업 도구,메이크업 브러쉬,윙 잇,30000, 
러쉬,베이스 메이크업 제품,베이스 메이크업용 가루파우더,이모셔널 브릴리언스,28000, 
러쉬,향수,여성향수,이모젠 로즈 100ml,280000, 
러쉬,바디 케어,바디 보습제,이치 피치,19000, 
러쉬,입욕제,입욕제,이클 베이비 봇,6000, 
러쉬,입욕제,입욕제,이클립스,16000, 
러쉬,입욕제,입욕제,인터갈락틱,17000, 
러쉬,클렌징 용품,클렌징 크림,임페리얼리스,49000, 
러쉬,헤어 케어,샴푸,점핑 주니퍼,18000, 
러쉬,향수,여성향수,정크 100ml,110000, 
러쉬,향수,여성향수,정크 30ml,55000, 
러쉬,향수,여성향수,정크 솔리드 퍼퓸,20000, 
러쉬,헤어 케어,샴푸,제이슨 앤 더 아르간 오일,18000, 
러쉬,향수,여성향수,진저 100ml,150000, 
러쉬,향수,여성향수,진저 30ml,75000, 
러쉬,향수,여성향수,진저 워시 카드,4000, 
러쉬,바디 케어,바디 보습제,채러티 팟 45g/240g,10000, 
러쉬,바디 케어,바디 보습제,채러티 팟 코인 - 동물권리,3000, 
러쉬,바디 케어,바디 보습제,채러티 팟 코인 - 인권,3000, 
러쉬,바디 케어,바디 보습제,채러티 팟 코인 - 환경,3000, 
러쉬,입욕제,입욕제,체리드웬즈 콜드론,18000, 
러쉬,향수,여성향수,카다멈 커피 100ml,330000, 
러쉬,바디 케어,바디케어용 때비누,카마,13000, 
러쉬,바디 케어,바디 클렌져,카마,13000, 
러쉬,향수,여성향수,카마 100ml,150000, 
러쉬,향수,여성향수,카마 30ml,75000, 
러쉬,향수,여성향수,카마 솔리드 퍼퓸,20000, 
러쉬,향수,여성향수,카마 워시 카드,4000, 
러쉬,입욕제,입욕제,카마 퍼퓸 버블 보틀,35000, 
러쉬,클렌징 용품,클렌징 크림,카타스트로피 코스메틱,25000, 
러쉬,향수,여성향수,칵테일 100ml,190000, 
러쉬,입욕제,입욕제,칵테일 퍼퓸 버블 보틀,35000, 
러쉬,클렌징 용품,클렌징 크림,칼라마주,21000, 
러쉬,입욕제,입욕제,캐슬 인 더 클라우즈,18000, 
러쉬,향수,여성향수,커브사이드 바이올렛 100ml,220000, 
러쉬,향수,여성향수,컨페티 100ml,170000, 
러쉬,향수,여성향수,컨페티 30ml,85000, 
러쉬,바디 케어,바디케어용 때비누,컴포트 존,8000, 
러쉬,바디 케어,바디 클렌져,컴포트 존,8000, 
러쉬,스킨 케어,스킨케어 마스크팩,컵 오 커피 130g/325g,18000, 
러쉬,클렌징 용품,화장 비누,콜페이스,18000, 
러쉬,바디 케어,바디케어용 때비누,콩가 100g/240g,15000, 
러쉬,바디 케어,바디 클렌져,콩가 100g/240g,15000, 
러쉬,입욕제,입욕제,크레용 버블 스틱,12000, 
러쉬,입욕제,입욕제,크리미 캔디,12000, 
러쉬,색조 메이크업 립,색조 메이크업 립밤,키 라임 파이,17000, 
러쉬,색조 메이크업 립,색조 메이크업 립스틱,키갈리,25000, 
러쉬,색조 메이크업 립,색조 메이크업 립스틱,킨샤사,25000, 
러쉬,입욕제,입욕제,킵 잇 플러피 퍼퓸 버블 보틀,23000, 
러쉬,향수,여성향수,탱크 배틀 100ml,170000, 
러쉬,입욕제,입욕제,터메릭 라떼,19000, 
러쉬,바디 케어,바디 보습제,테라피¿,19000, 
러쉬,입욕제,입욕제,템플 오브 더 스카이,18000, 
러쉬,향수,여성향수,투 모어 하츠 100ml,190000, 
러쉬,입욕제,입욕제,트와일라잇,15000, 
러쉬,향수,여성향수,트와일라잇,50000, 
러쉬,바디 케어,바디케어용 때비누,트와일라잇 100g/240g,15000, 
러쉬,바디 케어,바디 클렌져,트와일라잇 100g/240g,15000, 
러쉬,입욕제,입욕제,트와일라잇 버블 바,19000, 
러쉬,클렌징 용품,클렌징 크림,티 토탈러,19000, 
러쉬,기초 화장품,기초 화장용 스킨,티 트리 워터 100g/250g,14000, 
러쉬,풋 제품,풋워시/스크럽,티 포 토즈,15000, 
러쉬,입욕제,입욕제,티스티 토스티,15000, 
러쉬,바디 케어,바디케어용 때비누,팅글,34000, 
러쉬,바디 케어,바디 클렌져,팅글,34000, 
러쉬,바디 케어,바디 보습제,팅글,34000, 
러쉬,바디 케어,바디케어용 때비누,팅글 225g,45000, 
러쉬,바디 케어,바디 클렌져,팅글 225g,45000, 
러쉬,바디 케어,바디 보습제,팅글 225g,45000, 
러쉬,헤어 케어,린스,파워 95g/215g/450g,34000, 
러쉬,향수,여성향수,판타뷸로사 100ml,190000, 
러쉬,입욕제,입욕제,팝 인더 배쓰,16000, 
러쉬,향수,여성향수,팬지 100ml,110000, 
러쉬,향수,여성향수,팬지 30ml,55000, 
러쉬,향수,여성향수,팬지 솔리드 퍼퓸,20000, 
러쉬,향수,여성향수,팬지 워시 카드,4000, 
러쉬,풋 제품,풋워시/스크럽,퍼미스 파워,9000, 
러쉬,향수,여성향수,퍼즈 100ml,170000, 
러쉬,메이크업 도구,메이크업 브러쉬,퍼커,45000, 
러쉬,입욕제,입욕제,퍼피 러브,18000, 
러쉬,바디 케어,바디 보습제,펄,19000, 
러쉬,클렌징 용품,클렌징 크림,풀 오브 그레이스,21000, 
러쉬,향수,여성향수,프랑지파니 30ml,85000, 
러쉬,클렌징 용품,화장 비누,프레쉬 파머시,18000, 
러쉬,메이크업 도구,메이크업 브러쉬,프레쉬 페이스드,55000, 
러쉬,입욕제,입욕제,프로즌,16000, 
러쉬,향수,여성향수,프린세스 코튼그래스 100ml,280000, 
러쉬,향수,여성향수,플라워스 배로우 100ml,220000, 
러쉬,향수,여성향수,플럼 레인,60000, 
러쉬,메이크업 도구,메이크업 브러쉬,피플 파우더,95000, 
러쉬,바디 케어,바디케어용 때비누,픽스 앤 리브즈,11000, 
러쉬,바디 케어,바디 클렌져,픽스 앤 리브즈,11000, 
러쉬,입욕제,입욕제,픽스 인 허니,22000, 
러쉬,색조 메이크업 기타,색조 메이크업 쉐딩/하이라이터,필링 영거,26000, 
러쉬,바디 케어,바디 보습제,핫티,19000, 
러쉬,헤어 케어,린스,해피 해피 조이 조이 100g/250g/500g,29000, 
러쉬,바디 케어,바디케어용 때비누,해피 히피 100g/250g/500g,16000, 
러쉬,바디 케어,바디 클렌져,해피 히피 100g/250g/500g,16000, 
러쉬,바디 케어,바디 보습제,핸디 구루구,22000, 
러쉬,바디 케어,바디 클렌져,허벌리즘 100g/250g,22000, 
러쉬,클렌징 용품,클렌징 크림,허벌리즘 100g/250g,22000, 
러쉬,향수,여성향수,헤어드레서스 허즈밴드 100ml,280000, 
러쉬,색조 메이크업 아이,색조 메이크업 아이라이너,환상,35000, 
아로마티카,헤어 케어,샴푸,B5+비오틴 포티파잉 샴푸 400ml,18000,10800
아로마티카,헤어 케어,샴푸,B5+비오틴 포티파잉 샴푸 리필 500ml,18000,10800
아로마티카,헤어 케어,린스,B5+비오틴 포티파잉 컨디셔너 400ml,16000,9600
아로마티카,기초 화장품,기초 화장용 오일/앰플,내추럴 코코넛 클렌징 오일,33000,19800
아로마티카,바디 케어,바디케어용 청 결제,단델리온 페미닌 젤 250ml,18000,10800
아로마티카,바디 케어,바디케어용 청 결제,단델리온 페미닌 젤 30ml,3000, 
아로마티카,바디 케어,바디케어용 청 결제,단델리온 페미닌 젤 리필 500ml,27000,16200
아로마티카,헤어 케어,트리트먼트,로즈마리 3-in-1 트리트먼트,16000,9600
아로마티카,헤어 케어,헤어에센스,로즈마리 루트 인핸서,13000,7800
아로마티카,헤어 케어,헤어에센스,로즈마리 루트 인핸서 리필 300ml,30000,18000
아로마티카,헤어 케어,헤어에센스,로즈마리 스칼프 부스팅 세럼 10% AHA + 0.25% BHA + 0.1% PHA 50ml,26000,15600
아로마티카,헤어 케어,샴푸,로즈마리 스칼프 스케일링 샴푸 1000ml,40000,24000
아로마티카,헤어 케어,샴푸,로즈마리 스칼프 스케일링 샴푸 180ml,12000,7200
아로마티카,헤어 케어,샴푸,로즈마리 스칼프 스케일링 샴푸 400ml,20000,12000
아로마티카,헤어 케어,샴푸,로즈마리 스칼프 스케일링 샴푸 리필 500ml,22000,13200
아로마티카,헤어 케어,샴푸,로즈마리 스칼프 스케일링 샴푸 바,15000,9000
아로마티카,헤어 케어,샴푸,로즈마리 액티브브이 안티헤어로스 샴푸 400ml,28000,16800
아로마티카,헤어 케어,샴푸,로즈마리 액티브브이 안티헤어로스 샴푸 리필 500ml,28000,16800
아로마티카,헤어 케어,헤어에센스,로즈마리 액티브브이 안티헤어로스 토닉,22000,13200
아로마티카,헤어 케어,린스,로즈마리 헤어 씨크닝 컨디셔너 400ml,18000,10800
아로마티카,헤어 케어,린스,로즈마리 헤어 씨크닝 컨디셔너 리필 500ml,18000,10800
아로마티카,헤어 케어,린스,로즈마리 헤어 씨크닝 컨디셔너 바,15000,9000
아로마티카,기초 화장품,기초 화장용 에센스,리바이빙 로즈 인퓨전 세럼,35000,21000
아로마티카,기초 화장품,기초 화장용 크림,리바이빙 로즈 인퓨전 크림,45000,27000
아로마티카,클렌징 용품,클렌징 폼,리바이빙 로즈 인퓨전 크림 클렌저,20000,12000
아로마티카,기초 화장품,기초 화장용 스킨,리바이빙 로즈 인퓨전 트리트먼트 토너,35000,21000
아로마티카,기능성 화장품,기능성 화장품 세트,리바이빙 로즈 트라이얼 세트(세럼 100ml+크림 20ml),37000,22200
아로마티카,핸드 제품,핸드크림,마지팬 핸드밤 비터아몬드 & 바닐라,21000,12600
아로마티카,기초 화장품,기초 화장용 스킨,바이탈라이징 로즈마리 디콕션 토너,20000,12000
아로마티카,기초 화장품,기초 화장용 스킨,바이탈라이징 로즈마리 디콕션 토너 리필 300ml,18000,10800
아로마티카,기초 화장품,기초 화장용 크림,바이탈라이징 로즈마리 올인원 로션 300ml,22000,13200
아로마티카,바디 케어,바디 보습제,바이탈라이징 로즈마리 올인원 로션 300ml,22000,13200
아로마티카,기초 화장품,기초 화장용 크림,바이탈라이징 로즈마리 올인원 로션 리필 500ml,28000,16800
아로마티카,바디 케어,바디 보습제,바이탈라이징 로즈마리 올인원 로션 리필 500ml,28000,16800
아로마티카,클렌징 용품,클렌징 워터/젤,바이탈라이징 로즈마리 올인원 워시,18000,10800
아로마티카,바디 케어,바디 클렌져,바이탈라이징 로즈마리 올인원 워시,18000,10800
아로마티카,클렌징 용품,클렌징 워터/젤,바이탈라이징 로즈마리 올인원 워시 리필 500ml,22000,13200
아로마티카,바디 케어,바디 클렌져,바이탈라이징 로즈마리 올인원 워시 리필 500ml,22000,13200
아로마티카,기초 화장품,기초 화장용 에센스,바이탈라이징 로즈마리 컨센트레이티드 에센스,28000,16800
아로마티카,바디 케어,바디 보습제,블라써밍 바디로션 네롤리 & 자스민,25000,15000
아로마티카,핸드 제품,핸드크림,블라써밍 핸드크림 네롤리 & 자스민,18000,10800
아로마티카,헤어 케어,샴푸,사이프러스 딥 클렌징 샴푸 400ml,20000,12000
아로마티카,헤어 케어,샴푸,사이프러스 딥 클렌징 샴푸 리필 500ml,20000,12000
아로마티카,바디 케어,바디 보습제,서렌 바디로션 라벤더 & 마조람,22000, 
아로마티카,바디 케어,바디 보습제,서렌 바디오일 라벤더 & 마조람,16000,9600
아로마티카,바디 케어,바디 클렌져,서렌 바디워시 라벤더 & 마조람 300ml,22000,13200
아로마티카,바디 케어,바디 클렌져,서렌 바디워시 라벤더 & 마조람 리필 500ml,28000,16800
아로마티카,바디 케어,바디 보습제,서큘레이팅 바디오일 주니퍼베리 & 진저,16000,9600
아로마티카,선 제품,선크림,수딩 알로에 미네랄 선스크린 SPF50+/PA++++,22000,13200
아로마티카,기초 화장품,기초 화장용 스킨,수딩 알로에 베라 젤 180ml,7000,4200
아로마티카,기초 화장품,기초 화장용 스킨,수딩 알로에 베라 젤 500ml,16000,9600
아로마티카,기초 화장품,기초 화장용 스킨,수딩 알로에 베라 젤 50ml,3000, 
아로마티카,기초 화장품,기초 화장용 스킨,수딩 알로에 베라 젤 리필 500ml,15000,9000
아로마티카,기초 화장품,기초 화장용 크림,수딩 알로에 아쿠아 크림,16000,9600
아로마티카,기능성 화장품,기능성 화장품 세트,스킨케어 베스트 트리오 세트,59000,35400
아로마티카,기초 화장품,기초 화장용 스킨,시카 카밍 젤,10000,6000
아로마티카,헤어 케어,샴푸,아로마티카 샴푸 베스트 컬렉션,18000,10800
아로마티카,헤어 케어,샴푸,아로마티카 에이콜로지 브랜드 북 세트,28000,16800
아로마티카,기초 화장품,기초 화장용 에센스,알로에 하이펙티브 세럼40% Hyaluronic sol. + 1% B5,27000,16200
아로마티카,기초 화장품,기초 화장용 크림,알로에 하이펙티브 크림5% Hyaluronic sol. + 5% Collagen sol.,26000,15600
아로마티카,클렌징 용품,클렌징 폼,알로에 하이펙티브 클렌저5% Hyaluronic sol.+ 0.1% Enzyme,16000,9600
아로마티카,기초 화장품,기초 화장용 스킨,알로에 하이펙티브 토너5% Hyaluronic sol. + 2% PHA,19000,11400
아로마티카,바디 케어,바디 보습제,어웨이크닝 바디오일 페퍼민트 & 유칼립투스,19000,11400
아로마티카,핸드 제품,핸드워시/스크럽,에너진저 핸드워시 진저 & 그레이프 프룻 리필 500ml,22000,13200
아로마티카,핸드 제품,핸드워시/스크럽,에너진저 핸드워시 진저 & 그레이프프룻 300ml,18000,10800
아로마티카,핸드 제품,핸드워시/스크럽,에너진저 핸드워시 진저 & 그레이프프룻 30ml,3000, 
아로마티카,클렌징 용품,클렌징 크림,오렌지 클렌징 샤베트,30000,18000
아로마티카,기초 화장품,기초 화장용 오일/앰플,유기농 골든 호호바 오일,25000,15000
아로마티카,기초 화장품,기초 화장용 오일/앰플,유기농 네롤리 브라이트닝 페이셜 오일,25000,15000
아로마티카,기초 화장품,기초 화장용 오일/앰플,유기농 로즈힙 오일,25000,15000
아로마티카,바디 케어,바디 보습제,임브레이스 바디오일 네롤리 & 패츌리,19000,11400
아로마티카,기초 화장품,기초 화장용 크림,카카두 유스 글로우 비타 크림1% Hemisqualane + 1% Collagen sol.,32000,19200
아로마티카,기초 화장품,기초 화장용 에센스,카카두 유스 글로우 비타 필 10% AHA + 0.5% BHA,29000,17400
아로마티카,색조 메이크업 립,색조 메이크업 립스틱,컨셔스 비건 립 컬러 비터체리,20000,12000
아로마티카,색조 메이크업 립,색조 메이크업 립스틱,컨셔스 비건 립 컬러 애프리콧,20000,12000
아로마티카,색조 메이크업 립,색조 메이크업 립스틱,컨셔스 비건 립 컬러 엘더베리,20000,12000
아로마티카,기능성 화장품,기능성 영양보습 화장품,컴포팅 칼렌듈라 디콕션 밤,12000,7200
아로마티카,기초 화장품,기초 화장용 크림,컴포팅 칼렌듈라 디콕션 인텐시브 크림,26000,15600
아로마티카,기초 화장품,기초 화장용 크림,컴포팅 칼렌듈라 디콕션 쥬시크림,28000,16800
아로마티카,클렌징 용품,클렌징 폼,컴포팅 칼렌듈라 디콕션 클렌징 무스,22000,13200
아로마티카,클렌징 용품,클렌징 폼,컴포팅 칼렌듈라 디콕션 클렌징 무스 리필 300ml,29000,17400
아로마티카,헤어 케어,샴푸,퀴노아 프로틴 샴푸 400ml,18000,10800
아로마티카,헤어 케어,샴푸,퀴노아 프로틴 샴푸 리필 500ml,18000,10800
아로마티카,헤어 케어,트리트먼트,퀴노아 프로틴 트리트먼트 마스크,16000,9600
아로마티카,헤어 케어,헤어에센스,퀴노아 프로틴 헤어 앰플,17000,10200
아로마티카,헤어 케어,헤어에센스,퀴노아 프로틴 헤어 프라이머 130ml,16000,9600
아로마티카,기능성 화장품,기능성 영양보습 화장품,티트리 53 블레미쉬 스팟,13000,7800
아로마티카,기초 화장품,기초 화장용 오일/앰플,티트리 그린 오일,25000,15000
아로마티카,기초 화장품,기초 화장용 크림,티트리 밸런싱 에멀전,29000,17400
아로마티카,클렌징 용품,클렌징 폼,티트리 밸런싱 클렌징 바,15000,9000
아로마티카,바디 케어,바디 클렌져,티트리 밸런싱 클렌징 바,15000,9000
아로마티카,기초 화장품,기초 화장용 스킨,티트리 밸런싱 토너,27000,16200
아로마티카,기초 화장품,기초 화장용 스킨,티트리 밸런싱 토너 리필 300ml,30000,18000
아로마티카,클렌징 용품,클렌징 폼,티트리 밸런싱 포밍 클렌저,18000,10800
아로마티카,기초 화장품,기초 화장용 스킨,티트리 카밍 젤 300ml,10000,6000
아로마티카,기초 화장품,기초 화장용 스킨,티트리 카밍 젤 50ml,3000, 
아로마티카,기초 화장품,기초 화장용 에센스,티트리 포어 퓨리파잉 세럼10% Niacinamide + 1% Zinc PCA,29000,17400
아로마티카,기초 화장품,기초 화장용 크림,티트리 포어 퓨리파잉 젤크림5% Niacinamide + 0.1% PHA,32000,19200
아로마티카,클렌징 용품,클렌징 워터/젤,티트리 포어 퓨리파잉 클렌징 워터 리필1% 나이아신아마이드+0.5% BHA 300ml,20000,12000
아로마티카,클렌징 용품,클렌징 워터/젤,티트리 포어 퓨리파잉 클렌징 워터1% 나이아신아마이드+0.5% BHA,22000,13200
아로마티카,헤어 케어,샴푸,티트리 퓨리파잉 샴푸 1000ml,40000,24000
아로마티카,헤어 케어,샴푸,티트리 퓨리파잉 샴푸 180ml,12000,7200
아로마티카,헤어 케어,샴푸,티트리 퓨리파잉 샴푸 400ml,20000,12000
아로마티카,헤어 케어,샴푸,티트리 퓨리파잉 샴푸 리필 500ml,22000,13200
아로마티카,헤어 케어,헤어에센스,티트리 퓨리파잉 토닉,13000,7800
아로마티카,헤어 케어,헤어에센스,티트리 퓨리파잉 토닉 리필 300ml,30000,18000
아로마티카,바디 케어,바디케어용 청 결제,퓨어 앤 소프트 여성청결제 300ml,22000,13200
아로마티카,바디 케어,바디케어용 청 결제,퓨어 앤 소프트 여성청결제 리필 500ml,33000,19800
아로마티카,기능성 화장품,기능성 영양보습 화장품,홀리스틱 레미디 어노인팅 (동방박사) 밤,16000,9600
오엠,클렌징 용품,클렌징 로션,[이효리클렌징]세이지 마사지 클린징 밀크 250ml,80000, 
오엠,클렌징 용품,클렌징 크림,[이효리클렌징]세이지 마사지 클린징 밀크 250ml,80000, 
오엠,클렌징 용품,화장 비누,트루 라벤더 솝 80g,25000, 
오엠,클렌징 용품,화장 비누,로즈 솝 80g,25000, 
오엠,클렌징 용품,화장 비누,캐모마일 솝 80g,25000, 
오엠,기초 화장품,기초 화장용 스킨,부처브룸 토너 아스트린젠트 200ml,60000, 
오엠,기초 화장품,기초 화장용 오일/앰플,리포솜 럭스 앰플 30ml,108000, 
오엠,기초 화장품,기초 화장용 에센스,리포솜 럭스 에센스 100ml,68000, 
오엠,기초 화장품,기초 화장용 오일/앰플,리포솜 럭스 앰플 & 에센스,176000,158400
오엠,기초 화장품,기초 화장용 에센스,리포솜 럭스 앰플 & 에센스,176000,158400
오엠,기초 화장품,기초 화장용 오일/앰플,보라지 페이스 오일 10ml,78000, 
오엠,기초 화장품,기초 화장용 오일/앰플,페이스 토닉 오일 10ml,78000, 
오엠,기초 화장품,기초 화장용 에센스,엘리지리아 세럼 30ml,198000, 
오엠,기초 화장품,기초 화장용 에센스,칼렌둘라 브라이트닝 세럼 30ml,115000, 
오엠,기능성 화장품,기능성 영양보습 화장품,라벤더 하이드레이팅 크림 50ml,110000, 
오엠,기능성 화장품,기능성 영양보습 화장품,미울리바 널싱 나이트 크림 50ml,149000, 
오엠,기능성 화장품,기능성 영양보습 화장품,미울리바 하이드레이팅 크림 50ml,130000, 
오엠,기능성 화장품,기능성 영양보습 화장품,엘리지리아 크림 50ml,240000, 
오엠,기능성 화장품,기능성 아이케어 화장품,미울리바 아이크림 30ml,110000, 
오엠,기능성 화장품,기능성 모공관리 화장품,[멀티밤] 페이스 토닉 밤 30ml,139000, 
오엠,핸드 제품,핸드크림,이모르뗄 핸드 크림 30ml,39000, 
오엠,핸드 제품,핸드크림,[NEW]타임 뉴트리션 핸드 크림 30ml,16000, 
오엠,핸드 제품,핸드크림,[핸드세럼]타임 모이스처라이징 세럼 30ml,16000, 
오엠,바디 케어,바디 보습제,히드로플루이드 로션,36000, 
오엠,바디 케어,바디 보습제,[재입고][NEW]임팩트 오일,44000, 
오엠,바디 케어,바디 보습제,[재입고][NEW]릴렉스 바디 오일,34000, 
오엠,바디 케어,바디 보습제,[재입고][NEW]토닉 바디 오일,34000, 
오엠,바디 케어,바디 보습제,[재입고][NEW]바디 오일,30000, 
오엠,바디 케어,바디 클렌져,퍼퓸드 배스 밀크,63000, 
오엠,헤어 케어,샴푸,트리 라벤더 샴푸,63000, 
오엠,입욕제,입욕제,라벤더 릴렉싱 배스 오일 200ml,99000, 
오엠,입욕제,입욕제,로즈마리 토닉 배스 오일 200ml,99000, 
오엠,입욕제,입욕제,배스 오일 솔트 - 발사믹 300g/20ml,75000, 
오엠,입욕제,입욕제,배스 오일 솔트 - 라벤더 300g/20ml,75000, 
오엠,입욕제,입욕제,배스 오일 솔트 - 몬타우토 300g/20ml,75000, 
오엠,입욕제,입욕제,배스 오일 솔트 - 릴렉싱 300g/20ml,75000, 
이든 미네랄,베이스 메이크업 제품,베이스 메이크업용 프라이머,아이리스 페이스 프라이머,42000, 
이든 미네랄,베이스 메이크업 제품,베이스 메이크업용 파운데이션,롱웨어 리퀴드 파운데이션 노르딕 베일,48000, 
이든 미네랄,베이스 메이크업 제품,베이스 메이크업용 파운데이션,모이스처 리퀴드 파운데이션 노르스켄,48000, 
이든 미네랄,베이스 메이크업 제품,베이스 메이크업용 파운데이션,파우더 파운데이션,48000, 
이든 미네랄,색조 메이크업 기타,색조 메이크업 볼터치,미네랄 블러셔 & 브러쉬 세트,66000,52800
이든 미네랄,색조 메이크업 기타,색조 메이크업 볼터치,미네랄 블러셔 아케바,42000, 
이든 미네랄,색조 메이크업 기타,색조 메이크업 볼터치,미네랄 블러셔 할론,42000, 
이든 미네랄,색조 메이크업 기타,색조 메이크업 볼터치,미네랄 블러셔 트란바,42000, 
이든 미네랄,색조 메이크업 기타,색조 메이크업 볼터치,미네랄 블러셔 하브톤,42000, 
이든 미네랄,색조 메이크업 기타,색조 메이크업 쉐딩/하이라이터,미네랄 브론저 & 브러쉬 세트,66000,52800
이든 미네랄,색조 메이크업 기타,색조 메이크업 쉐딩/하이라이터,미네랄 브론저,42000, 
이든 미네랄,베이스 메이크업 제품,베이스 메이크업용 가루파우더,파우더 파운데이션 & 브러쉬 세트,82000,65600
이든 미네랄,베이스 메이크업 제품,베이스 메이크업용 가루파우더,프레스드 파우더 튜바,38000, 
이든 미네랄,색조 메이크업 아이,색조 메이크업 마스카라,마그나 렝쓰닝 마스카라,36000, 
이든 미네랄,색조 메이크업 아이,색조 메이크업 마스카라,마그나 볼륨 마스카라,36000, 
이든 미네랄,색조 메이크업 아이,색조 메이크업 아이섀도우,아이섀도우 팔레트,42000, 
이든 미네랄,색조 메이크업 아이,색조 메이크업 아이섀도우,아이섀도우 싱글,22000, 
이든 미네랄,메이크업 도구,메이크업 브러쉬,리퀴드 파운데이션 브러쉬,36000, 
이든 미네랄,메이크업 도구,메이크업 브러쉬,라지 파우더 브러쉬,38000, 
이든 미네랄,메이크업 도구,메이크업 브러쉬,블러셔 & 브론저 브러쉬,24000, 
이든 미네랄,메이크업 도구,메이크업 브러쉬,휴대용 가부키 브러쉬,34000, 
이든 미네랄,메이크업 도구,메이크업 브러쉬,가부키 브러쉬,34000, 
이든 미네랄,메이크업 도구,메이크업 브러쉬,프리시젼 아이섀도우 브러쉬,18000, 
이든 미네랄,메이크업 도구,메이크업 브러쉬,앵글드 블렌딩 브러쉬,18000, 
이든 미네랄,메이크업 도구,메이크업 브러쉬,아이섀도우 브러쉬,18000, 
이든 미네랄,클렌징 용품,클렌징 로션,페이스 & 아이 미네랄 클렌징 로션,34000, 
클레어스,클렌징 용품,클렌징 폼,리치 모이스트 포밍 클렌저,12500, 
클레어스,클렌징 용품,클렌징 오일,젠틀 블랙 프레쉬 클렌징 오일,16900, 
클레어스,클렌징 용품,클렌징 오일,젠틀 블랙 딥 클렌징 오일,14900, 
클레어스,클렌징 용품,클렌징 오일,GENTLE BLACK duo,25400,22800
클레어스,스킨 케어,스크럽/필링크림,GENTLE BLACK duo,25400,22800
클레어스,클렌징 용품,클렌징 오일,GENTLE BLACK BOX,43900,39500
클레어스,스킨 케어,스크럽/필링크림,GENTLE BLACK BOX,43900,39500
클레어스,스킨 케어,스크럽/필링크림,젠틀 블랙 슈거 페이셜 폴리쉬,18500, 
클레어스,스킨 케어,스킨케어 마스크팩,유스풀 글로우 슈거 마스크,21000, 
클레어스,바디 케어,바디케어용 때비누,서플 프레퍼레이션 바디 솝,10500, 
클레어스,클렌징 용품,클렌징 폼,클렌징의 정석 set,31000,27900
클레어스,클렌징 용품,화장 비누,리치 모이스트 페이셜 솝,10500, 
클레어스,클렌징 용품,화장 비누,젠틀 블랙 슈거 차콜 솝,10500, 
클레어스,기초 화장품,기초 화장용 스킨,서플 프레퍼레이션 페이셜 토너,12900, 
클레어스,기초 화장품,기초 화장용 미스트,펀더멘탈 앰플 미스트,28000, 
클레어스,기초 화장품,기초 화장용 스킨,서플 프레퍼레이션 언센티드 토너,12900, 
클레어스,기초 화장품,기초 화장용 스킨,유분없는 수분링거 set ,30400,27300
클레어스,기초 화장품,기초 화장용 스킨,데일리 스킨 하이드레이팅 워터,26900, 
클레어스,기초 화장품,기초 화장용 스킨,데일리 스킨 소프닝 워터,26900, 
클레어스,기초 화장품,기초 화장용 에센스,프레쉴리 쥬스드 비타민 드롭,21900, 
클레어스,기초 화장품,기초 화장용 에센스,RECOVERY duo,51400,46200
클레어스,기초 화장품,기초 화장용 에센스,CALM NIGHT duo,43800,39400
클레어스,기초 화장품,기초 화장용 에센스,BASIC & BEST set,49900,44900
클레어스,기초 화장품,기초 화장용 에센스,펀더멘탈 워터리 오일 드롭,31900, 
클레어스,기초 화장품,기초 화장용 에센스,펀더멘탈 아이 어웨이크닝 젤,25500, 
클레어스,기초 화장품,기초 화장용 에센스,리치 모이스트 수딩 세럼,17500, 
클레어스,기초 화장품,기초 화장용 에센스,미드나잇 블루 유스 액티베이팅 드롭,29500, 
클레어스,기초 화장품,기초 화장용 크림,리치 모이스트 수딩크림 ,19500, 
클레어스,기초 화장품,기초 화장용 크림,미드나잇 블루 카밍 크림 [60ml],29500, 
클레어스,기초 화장품,기초 화장용 크림,미드나잇 블루 카밍 크림,21900, 
클레어스,기능성 화장품,기능성 아이케어 화장품,펀더멘탈 너리싱 아이 버터,24500, 
클레어스,기초 화장품,기초 화장용 로션,서플 프레퍼레이션 올오버로션,22900, 
클레어스,기초 화장품,기초 화장용 크림,펀더멘탈 워터 젤 크림,31900, 
클레어스,기초 화장품,기초 화장용 크림,SKIPCARE duo ,59900,50900
클레어스,기초 화장품,기초 화장용 크림,비타민 E 마스크 미니어쳐 15ml,9000, 
클레어스,스킨 케어,스킨케어 마스크팩,프레쉴리 쥬스드 비타민E 마스크,29400, 
클레어스,스킨 케어,스킨케어 시트마스크팩,리치 모이스트 수딩 텐셀 시트 마스크,3000, 
클레어스,스킨 케어,스킨케어 시트마스크팩,미드나잇 블루 카밍 시트 마스크,3000, 
마녀공장,선 제품,선크림,아워 비건 선크림 시카,26000, 
마녀공장,스킨 케어,스킨케어 시트마스크팩,아워 비건 어성초 시카 마스크,3000, 
마녀공장,클렌징 용품,클렌징 폼,아워 비건 어성초 시카 클렌징 폼,14000, 
마녀공장,기초 화장품,기초 화장용 크림,아워 비건 어성초 시카 크림,28000, 
마녀공장,기초 화장품,기초 화장용 에센스,아워 비건 어성초 98 시카 세럼,20000, 
마녀공장,기초 화장품,기초 화장용 스킨,아워 비건 어성초 시카 토너,24000, 
마녀공장,색조 메이크업 립,색조 메이크업 립밤,아워 비건 컬러 립밤 그린 핑크,10500, 
마녀공장,색조 메이크업 립,색조 메이크업 립밤,아워 비건 립밤,9500, 
마녀공장,스킨 케어,스크럽/필링크림,아워 비건 오곡라떼 스크럽 폼,16000, 
마녀공장,선 제품,선크림,아워 비건 선플루이드 글로우,28000, 
마녀공장,선 제품,선크림,아워 비건 선크림 베이직,26000, 
스킨푸드,클렌징 용품,화장 비누,캐롯 카로틴 핸드메이드 솝 (100g),12000, 
스킨푸드,클렌징 용품,클렌징 워터/젤,캐롯 카로틴 카밍 워터 패드 세트 (50g),8000, 
스킨푸드,기초 화장품,기초 화장용 에센스,유자 씨 잡티 맑음 에센스 (150ml),34000, 
스킨푸드,스킨 케어,스킨케어 마스크팩,라벤더 푸드마스크 (120g),15000, 
스킨푸드,기초 화장품,기초 화장용 크림,캐롯 카로틴 릴리프 크림 (55ml),30000, 
스킨푸드,클렌징 용품,클렌징 워터/젤,"캐롯 카로틴 카밍 워터 패드 (250g, 60매)",26000, 
허블룸,기초 화장품,기초 화장용 오일/앰플,비건 뷰티 페이스 오일 30ml,36000,23400
카밀,색조 메이크업 립,색조 메이크업 립밤,립밤 3종 (비건),6200,4650
AHC,기능성 화장품,기능성 아이케어 화장품,퓨어 레스큐 리얼 아이크림 포 페이스 (비건),20000,15000
수이스킨,기초 화장품,기초 화장용 오일/앰플,하얀 자작나무 수액 앰플 35ml,24000,16800
수이스킨,클렌징 용품,화장 비누,맑은 아보밥 비누,16000,8800
비브,기초 화장품,기초 화장용 에센스,차가 리바이탈라이징 세럼,40000,24000
온도,기초 화장품,기초 화장용 에센스,구절초 수분 진정 에센스,42000,37800
에이트루,클렌징 용품,클렌징 폼,오리진 퓨어 밸런싱 클렌징 폼,11900,8449
온도,기초 화장품,기초 화장용 오일/앰플,구절초 수분 진정 앰플 크림,39000,35100
닥터올가,헤어 케어,샴푸,로즈마리 민트 샴푸,28000,19600
Inglot,베이스 메이크업 제품,베이스 메이크업용 가루파우더,루스 파우더 5종,38000, 
베이지크,기초 화장품,기초 화장용 에센스,트리트먼트 로션 120ml,42000, 
싸이닉,기초 화장품,기초 화장용 로션,더 심플 데일리 로션 260ml,14000,12880
이즈그린,기초 화장품,기초 화장용 크림,LHA 비건 크림,55000,49500
이즈그린,기초 화장품,기초 화장용 에센스,LHA 비건 에센스,59000,53000
이즈그린,기초 화장품,기초 화장용 스킨,LHA 비건 토너,39000,35000
이즈그린,기능성 화장품,기능성 화장품 세트,LHA 비건 2종 SET,94000,80000
이즈그린,기능성 화장품,기능성 화장품 세트,LHA 비건 3종 SET,153000,122000
쏘내추럴,베이스 메이크업 제품,베이스 메이크업용 BB크림,쏘 비건 카밍 비비크림,24000, 
쏘내추럴,선 제품,선크림,쏘 비건 카밍 선크림,25000, 
쏘내추럴,베이스 메이크업 제품,베이스 메이크업용 가루파우더,쏘 비건 카밍 스킨 파우더,18000,14400
쏘내추럴,스킨 케어,스킨케어 곡물팩,어글리 포테이토 마스크,26000,20800
쏘내추럴,스킨 케어,스크럽/필링크림,그린빈 커피 스크럽,28000,22400
쏘내추럴,색조 메이크업 아이,색조 메이크업 속눈썹영양제,쏘 비건 노니 아이래쉬 앰플,16000,11200
쏘내추럴,스킨 케어,스킨케어 시트마스크팩,쏘 비건 노니 딥 마스크,4000,2800
쏘내추럴,기초 화장품,기초 화장용 스킨,쏘 비건 노니 토너,24000,21600
쏘내추럴,기초 화장품,기초 화장용 크림,쏘 비건 노니 크림,33000,29700
쏘내추럴,기초 화장품,기초 화장용 오일/앰플,쏘 비건 노니 페이스 오일,35000,28000
쏘내추럴,기능성 화장품,기능성 화장품 세트,쏘 비건 노니 2종,57000,51300
쏘내추럴,스킨 케어,스킨케어 마스크팩,쏘 비건 진저 클레이 마스크,28000,19600
쏘내추럴,바디 케어,바디케어용 때비누,바디워시 바쓰 시카 솝,16000,9600
쏘내추럴,바디 케어,바디케어용 때비누,바디워시 때밀이바쓰,15000,9000
쏘내추럴,기초 화장품,기초 화장용 스킨,플랜트 에센스 토너,25000,12500
쏘내추럴,스킨 케어,스킨케어 워시오프팩,카보닉 버블 클레이 마스크,25000, 
오드리앤영,스킨 케어,스킨케어 시트마스크팩,아이 라이크 레드 스위트원 세럼 마스크,3000, 
오드리앤영,스킨 케어,스킨케어 시트마스크팩,아이 라이크 시카 바이옴 세럼 마스크,3000, 
오드리앤영,클렌징 용품,클렌징 오일,시카 바이옴 클렌징 오일 250ml,29000, 
오드리앤영,클렌징 용품,클렌징 크림,시카 바이옴 클렌징 밤 100ml,28000, 
오드리앤영,기초 화장품,기초 화장용 에센스,아이 라이크 레드 스위트원 세럼 30ml,32000, 
오드리앤영,기초 화장품,기초 화장용 에센스,아이 라이크 블루밍 에너지 세럼 30ml,32000, 
오드리앤영,기초 화장품,기초 화장용 오일/앰플,아이 라이크 컨센트레이트 오일 30ml,32000, 
오드리앤영,기초 화장품,기초 화장용 에센스,아이 라이크 시카 바이옴 세럼 30ml,32000, 
오드리앤영,클렌징 용품,클렌징 폼,마이크로바이옴 클렌징 폼 120ml,15000,11250
오드리앤영,클렌징 용품,클렌징 워터/젤,마이크로바이옴 클렌징 워터 400ml,22000,16500
오드리앤영,클렌징 용품,클렌징 폼,(1+1) 버블 껌 핑크 클렌저 120ml,12000, 
발롱블랑,기능성 화장품,기능성 영양보습 화장품,비건 알로에베라99 수딩젤 튜브형 200ml,4000,3600
키핀터치,색조 메이크업 립,색조 메이크업 립틴트,젤리 립 플럼퍼 틴트,20000,9900
키핀터치,색조 메이크업 아이,색조 메이크업 아이브로우,유어 브로우 세럼 타투펜 YT02 다크브라운,15000,8900
발롱블랑,기초 화장품,기초 화장용 크림,울트라 하이드레이팅 페이셜 수분크림(비건) 50ml,30000,27000
키핀터치,색조 메이크업 기타,색조 메이크업 볼터치,아이스젤리 치크 블러셔,22000,9900
키핀터치,색조 메이크업 아이,색조 메이크업 아이섀도우,아이스젤리 아이팔레트,38000,16900
키핀터치,색조 메이크업 립,색조 메이크업 립틴트,무드 엠엘비비 벨벳틴트,19000,5900
